time,id,latitude,longitude,depth,mag,magType,place
2019-07-04T17:02:55.340Z,ci38443095,35.7081667,-117.5036667,10.6,3.98,mw,"11km SW of Searles Valley, CA"
2019-07-04T17:33:49.000Z,ci38443183,35.7053333,-117.5038333,10.5,6.4,mw,Ridgecrest Earthquake Sequence
2019-07-04T17:35:01.660Z,ci38443191,35.644,-117.5671667,4.64,4.49,mlr,"10km ENE of Ridgecrest, CA"
2019-07-04T17:35:17.430Z,ci37255940,35.6886667,-117.474,6.48,3.93,mlr,"11km SW of Searles Valley, CA"
2019-07-04T17:35:46.340Z,ci37222356,35.6936667,-117.437,7.65,3.63,ml,"9km SSW of Searles Valley, CA"
2019-07-04T17:35:52.170Z,ci37218988,35.687,-117.5061667,1.6,4.28,mlr,"13km SW of Searles Valley, CA"
2019-07-04T17:36:04.360Z,ci37255980,35.7341667,-117.5741667,6.41,3.94,mlr,"16km NE of Ridgecrest, CA"
2019-07-04T17:36:58.950Z,ci37222380,35.7258333,-117.5593333,5.3,3.41,ml,"15km WSW of Searles Valley, CA"
2019-07-04T17:37:01.140Z,ci37222372,35.7105,-117.4773333,1.57,3.66,mlr,"9km SW of Searles Valley, CA"
2019-07-04T17:37:14.850Z,ci37222364,35.6655,-117.516,1.64,3.97,mlr,"15km SW of Searles Valley, CA"
2019-07-04T17:37:25.640Z,ci37218996,35.6758333,-117.4575,15.82,4.01,mlr,"11km SSW of Searles Valley, CA"
2019-07-04T17:37:46.320Z,ci37259580,35.6811667,-117.5261667,6.83,3.24,ml,"15km SW of Searles Valley, CA"
2019-07-04T17:37:55.500Z,ci38443199,35.7456667,-117.5516667,8.29,3.86,mlr,"14km W of Searles Valley, CA"
2019-07-04T17:38:21.450Z,ci37421941,35.714,-117.476,1.74,3.73,mlr,"9km SW of Searles Valley, CA"
2019-07-04T17:38:47.500Z,us70004a0n,35.6215,-117.5782,9.7,3.5,ml,"8 km E of Ridgecrest, California"
2019-07-04T17:38:47.760Z,ci37222396,35.6235,-117.596,8.55,3.5,ml,"7km E of Ridgecrest, CA"
2019-07-04T17:38:57.260Z,ci37256196,35.6698333,-117.5295,1.87,3.43,ml,"14km ENE of Ridgecrest, CA"
2019-07-04T17:39:05.120Z,ci37259588,35.7168333,-117.6661667,5.17,3.25,ml,"11km N of Ridgecrest, CA"
2019-07-04T17:39:33.310Z,ci37222404,35.5743333,-117.6366667,6.85,3.11,ml,"6km SE of Ridgecrest, CA"
2019-07-04T17:39:35.360Z,ci38443215,35.6876667,-117.4931667,10.96,3.69,mlr,"12km SW of Searles Valley, CA"
2019-07-04T17:39:51.740Z,ci37259660,35.6715,-117.5453333,2.27,3.11,ml,"13km ENE of Ridgecrest, CA"
2019-07-04T17:40:02.250Z,ci38443223,35.7253333,-117.5708333,6.63,3.8,mlr,"15km NE of Ridgecrest, CA"
2019-07-04T17:40:18.520Z,ci38443231,35.707,-117.5101667,8.66,4.13,mlr,"12km SW of Searles Valley, CA"
2019-07-04T17:40:34.900Z,ci37222508,35.6948333,-117.5018333,2.04,3.54,ml,"12km SW of Searles Valley, CA"
2019-07-04T17:40:46.140Z,ci37222516,35.7298333,-117.5548333,7.72,3.42,ml,"14km WSW of Searles Valley, CA"
2019-07-04T17:40:51.720Z,ci37259692,35.6805,-117.4743333,7.09,3.13,ml,"12km SSW of Searles Valley, CA"
2019-07-04T17:41:20.850Z,ci37421957,35.7266667,-117.5288333,1.97,3.3,ml,"12km WSW of Searles Valley, CA"
2019-07-04T17:42:54.130Z,ci38443239,35.7301667,-117.5586667,7.84,3.22,ml,"15km WSW of Searles Valley, CA"
2019-07-04T17:43:29.200Z,us70004a0z,35.6783,-117.5488,5.15,3.6,ml,"12 km ENE of Ridgecrest, California"
2019-07-04T17:44:32.820Z,ci38443255,35.6875,-117.5071667,1.54,3.86,mlr,"13km SW of Searles Valley, CA"
2019-07-04T17:45:05.780Z,ci37421997,35.6976667,-117.4865,2.24,3.03,ml,"11km SW of Searles Valley, CA"
2019-07-04T17:45:23.950Z,ci37421989,35.7151667,-117.5473333,7.21,3.03,ml,"14km WSW of Searles Valley, CA"
2019-07-04T17:45:28.630Z,ci37222524,35.7348333,-117.5368333,10.34,3.21,ml,"12km WSW of Searles Valley, CA"
2019-07-04T17:46:49.960Z,ci38443271,35.6385,-117.6108333,10.97,3.07,ml,"6km ENE of Ridgecrest, CA"
2019-07-04T17:47:17.810Z,ci38443279,35.7455,-117.5465,7.11,3.5,mlr,"13km W of Searles Valley, CA"
2019-07-04T17:47:40.970Z,ci37222548,35.726,-117.5585,3.58,3.11,ml,"15km WSW of Searles Valley, CA"
2019-07-04T17:47:54.970Z,ci37222556,35.7286667,-117.5606667,5.25,3.4,ml,"15km WSW of Searles Valley, CA"
2019-07-04T17:48:03.160Z,ci37222564,35.6365,-117.5518333,6.62,3.27,ml,"11km E of Ridgecrest, CA"
2019-07-04T17:48:15.680Z,ci37222572,35.7053333,-117.5245,5.52,3.11,ml,"13km WSW of Searles Valley, CA"
2019-07-04T17:51:46.650Z,ci38443287,35.674,-117.5235,5.3,3.46,mlr,"15km ENE of Ridgecrest, CA"
2019-07-04T17:58:02.640Z,ci38443319,35.702,-117.5083333,4.77,3.33,ml,"12km SW of Searles Valley, CA"
2019-07-04T18:01:23.180Z,ci37422005,35.6876667,-117.5085,1.26,3.53,mlr,"13km SW of Searles Valley, CA"
2019-07-04T18:01:31.230Z,ci37223156,35.5978333,-117.5905,6.79,3.42,ml,"8km ESE of Ridgecrest, CA"
2019-07-04T18:06:16.110Z,ci38443383,35.6606667,-117.523,2.14,3.79,mlr,"14km ENE of Ridgecrest, CA"
2019-07-04T18:07:09.270Z,ci38443391,35.5991667,-117.6101667,2.12,3.51,mlr,"6km ESE of Ridgecrest, CA"
2019-07-04T18:07:10.910Z,ci37223244,35.6508333,-117.542,2.77,3.49,ml,"12km ENE of Ridgecrest, CA"
2019-07-04T18:07:20.290Z,ci37259964,35.5688333,-117.6365,6.67,3.02,ml,"7km SSE of Ridgecrest, CA"
2019-07-04T18:08:33.160Z,ci38443407,35.6678333,-117.5061667,2.27,3.38,ml,"14km SW of Searles Valley, CA"
2019-07-04T18:08:45.070Z,ci37223308,35.7108333,-117.4768333,1.17,3.55,ml,"9km SW of Searles Valley, CA"
2019-07-04T18:10:32.710Z,ci38443415,35.6598333,-117.5348333,10.25,3.46,ml,"14km ENE of Ridgecrest, CA"
2019-07-04T18:12:52.070Z,ci38443431,35.6703333,-117.5605,6.91,3.44,ml,"12km ENE of Ridgecrest, CA"
2019-07-04T18:13:51.400Z,ci38443439,35.7081667,-117.485,6.44,3.5,ml,"10km SW of Searles Valley, CA"
2019-07-04T18:15:12.820Z,ci37420701,35.6691667,-117.5203333,1.84,3.23,ml,"15km ENE of Ridgecrest, CA"
2019-07-04T18:18:45.720Z,ci38443487,35.638,-117.611,9.43,3.38,ml,"6km ENE of Ridgecrest, CA"
2019-07-04T18:26:03.750Z,ci38443519,35.6638333,-117.5245,2.53,3.13,ml,"14km ENE of Ridgecrest, CA"
2019-07-04T18:27:26.770Z,ci38443527,35.6748333,-117.5143333,2.68,3.29,ml,"14km SW of Searles Valley, CA"
2019-07-04T18:27:59.440Z,ci38443535,35.745,-117.5521667,6.64,4.23,mlr,"14km W of Searles Valley, CA"
2019-07-04T18:28:43.640Z,ci38443543,35.6661667,-117.5656667,7.14,3.75,mlr,"11km ENE of Ridgecrest, CA"
2019-07-04T18:39:44.440Z,ci38443607,35.6013333,-117.597,2.81,4.59,mw,"7km ESE of Ridgecrest, CA"
2019-07-04T18:40:56.740Z,ci37224612,35.652,-117.5368333,2.03,3.05,ml,"13km ENE of Ridgecrest, CA"
2019-07-04T18:41:14.270Z,ci38443615,35.6763333,-117.5115,2.13,3.07,ml,"14km SW of Searles Valley, CA"
2019-07-04T18:44:25.000Z,ci38443631,35.719,-117.5586667,2.06,3.09,ml,"15km WSW of Searles Valley, CA"
2019-07-04T18:47:06.590Z,ci38443647,35.6758333,-117.4853333,8.53,4.34,mw,"13km SW of Searles Valley, CA"
2019-07-04T18:47:22.600Z,ci37421213,35.6755,-117.472,10.27,4.02,mlr,"12km SSW of Searles Valley, CA"
2019-07-04T18:47:44.310Z,ci37230556,35.6876667,-117.5146667,7.87,3.33,ml,"13km SW of Searles Valley, CA"
2019-07-04T18:47:59.170Z,ci37230564,35.6708333,-117.4686667,10.52,3.22,ml,"12km SSW of Searles Valley, CA"
2019-07-04T18:50:15.910Z,ci38443671,35.682,-117.4961667,1.26,3.7,mlr,"13km SW of Searles Valley, CA"
2019-07-04T18:53:03.340Z,ci37230836,35.6703333,-117.547,4.9,3.08,ml,"13km ENE of Ridgecrest, CA"
2019-07-04T18:53:27.670Z,ci38443695,35.7285,-117.5605,7.87,3.36,ml,"15km WSW of Searles Valley, CA"
2019-07-04T18:54:13.990Z,ci38443703,35.5975,-117.5996667,5.33,4.07,mlr,"7km ESE of Ridgecrest, CA"
2019-07-04T18:55:27.680Z,ci38443711,35.6753333,-117.4795,10.71,3.03,ml,"12km SSW of Searles Valley, CA"
2019-07-04T18:56:06.420Z,ci38443719,35.716,-117.56,1.92,4.58,mw,"15km NE of Ridgecrest, CA"
2019-07-04T18:56:22.030Z,ci37420717,35.7086667,-117.5541667,1.16,4.21,mlr,"15km NE of Ridgecrest, CA"
2019-07-04T18:57:15.610Z,ci37230948,35.6888333,-117.5293333,5.72,3.22,ml,"14km SW of Searles Valley, CA"
2019-07-04T19:00:09.670Z,ci38443751,35.7111667,-117.5513333,1.99,3.22,ml,"15km WSW of Searles Valley, CA"
2019-07-04T19:00:14.000Z,ci37231484,35.6773333,-117.5523333,5.01,3.14,ml,"13km ENE of Ridgecrest, CA"
2019-07-04T19:01:10.800Z,ci38443759,35.7086667,-117.5565,2.15,3.03,ml,"14km NE of Ridgecrest, CA"
2019-07-04T19:10:19.820Z,ci38443823,35.694,-117.4901667,1.58,3.29,ml,"11km SW of Searles Valley, CA"
2019-07-04T19:14:59.490Z,ci38443831,35.6548333,-117.5388333,2.42,3.0,ml,"13km ENE of Ridgecrest, CA"
2019-07-04T19:17:58.140Z,ci37224620,35.6268333,-117.601,10.4,3.26,ml,"7km E of Ridgecrest, CA"
2019-07-04T19:21:32.090Z,ci38443871,35.6715,-117.4788333,5.16,4.5,mw,"13km SSW of Searles Valley, CA"
2019-07-04T19:49:04.980Z,ci38444047,35.683,-117.4895,1.04,3.26,ml,"12km SW of Searles Valley, CA"
2019-07-04T19:51:16.980Z,ci38444063,35.71,-117.5561667,2.09,3.35,ml,"15km NE of Ridgecrest, CA"
2019-07-04T19:56:00.500Z,ci38444103,35.6623333,-117.524,1.49,4.16,mw,"14km ENE of Ridgecrest, CA"
2019-07-04T19:56:25.890Z,ci37260124,35.6636667,-117.5225,2.15,3.27,ml,"15km ENE of Ridgecrest, CA"
2019-07-04T20:06:08.250Z,ci38444159,35.6991667,-117.4891667,10.27,3.39,ml,"11km SW of Searles Valley, CA"
2019-07-04T20:14:50.340Z,ci38444215,35.6991667,-117.5125,5.75,3.99,mlr,"12km SW of Searles Valley, CA"
2019-07-04T20:17:36.830Z,ci38444231,35.7,-117.4836667,1.25,3.09,ml,"10km SW of Searles Valley, CA"
2019-07-04T20:23:09.930Z,ci38444263,35.6408333,-117.5973333,10.39,3.43,ml,"7km ENE of Ridgecrest, CA"
2019-07-04T20:45:26.710Z,ci38444407,35.7028333,-117.4775,1.31,3.1,ml,"10km SW of Searles Valley, CA"
2019-07-04T20:55:25.070Z,ci38444487,35.7116667,-117.4808333,2.39,3.4,ml,"9km SW of Searles Valley, CA"
2019-07-04T21:02:55.820Z,ci38444543,35.69,-117.4831667,7.89,3.47,ml,"11km SW of Searles Valley, CA"
2019-07-04T21:33:34.350Z,ci38444791,35.617,-117.5898333,7.45,3.15,ml,"8km E of Ridgecrest, CA"
2019-07-04T21:40:33.420Z,ci38444823,35.6701667,-117.5181667,1.78,3.44,ml,"15km SW of Searles Valley, CA"
2019-07-04T21:47:04.370Z,ci38444903,35.6335,-117.606,9.67,3.25,ml,"6km ENE of Ridgecrest, CA"
2019-07-04T22:02:35.060Z,ci38445015,35.6768333,-117.5128333,2.88,3.44,ml,"14km SW of Searles Valley, CA"
2019-07-04T22:05:22.270Z,ci37225444,35.7115,-117.477,1.32,3.56,ml,"9km SW of Searles Valley, CA"
2019-07-04T22:12:08.490Z,ci38445087,35.7463333,-117.5636667,5.76,4.43,mw,"15km W of Searles Valley, CA"
2019-07-04T22:42:21.780Z,ci38445295,35.7221667,-117.5235,4.41,3.23,ml,"12km WSW of Searles Valley, CA"
2019-07-04T23:12:40.400Z,ci38445495,35.6731667,-117.4713333,9.01,3.53,ml,"12km SSW of Searles Valley, CA"
2019-07-04T23:13:05.010Z,ci38445503,35.7461667,-117.5775,4.4,3.04,ml,"16km W of Searles Valley, CA"
2019-07-04T23:34:00.630Z,ci37420973,35.6623333,-117.5245,2.61,3.82,ml,"14km ENE of Ridgecrest, CA"
2019-07-04T23:34:02.380Z,ci38445703,35.6011667,-117.6106667,4.75,4.04,mw,"6km ESE of Ridgecrest, CA"
2019-07-04T23:42:33.830Z,ci38445751,35.7478333,-117.5678333,4.36,3.72,mw,"15km W of Searles Valley, CA"
2019-07-04T23:54:36.390Z,ci38445839,35.656,-117.5233333,1.71,3.39,ml,"14km ENE of Ridgecrest, CA"
2019-07-05T00:18:01.410Z,ci38445975,35.7718333,-117.6178333,2.59,4.04,mw,"18km NNE of Ridgecrest, CA"
2019-07-05T00:32:06.670Z,ci38446071,35.7033333,-117.4828333,1.0,4.02,mw,"10km SW of Searles Valley, CA"
2019-07-05T00:45:39.460Z,ci38446159,35.6946667,-117.5083333,6.22,3.85,mw,"12km SW of Searles Valley, CA"
2019-07-05T01:08:53.450Z,ci38446343,35.7245,-117.548,1.89,3.11,ml,"14km WSW of Searles Valley, CA"
2019-07-05T01:18:13.420Z,ci38446391,35.6583333,-117.5228333,1.85,3.21,ml,"14km ENE of Ridgecrest, CA"
2019-07-05T02:01:41.150Z,ci38446639,35.7741667,-117.6165,2.84,3.25,ml,"18km NNE of Ridgecrest, CA"
2019-07-05T02:01:59.010Z,ci38446647,35.6401667,-117.5461667,11.3,3.98,mw,"12km E of Ridgecrest, CA"
2019-07-05T02:05:19.180Z,ci38446671,35.6555,-117.5226667,1.93,3.4,ml,"14km ENE of Ridgecrest, CA"
2019-07-05T02:19:41.890Z,ci38446807,35.7726667,-117.619,2.83,3.26,ml,"18km NNE of Ridgecrest, CA"
2019-07-05T03:15:18.700Z,ci38447143,35.6298333,-117.5661667,4.66,3.24,ml,"10km E of Ridgecrest, CA"
2019-07-05T03:19:53.570Z,ci38447191,35.655,-117.5221667,1.51,3.41,ml,"14km ENE of Ridgecrest, CA"
2019-07-05T03:46:54.410Z,ci38447391,35.6811667,-117.5013333,1.39,3.14,ml,"13km SW of Searles Valley, CA"
2019-07-05T04:11:38.570Z,ci38447591,35.722,-117.5545,2.02,3.53,mw,"14km WSW of Searles Valley, CA"
2019-07-05T04:14:45.300Z,ci38447623,35.6993333,-117.481,1.16,3.56,ml,"10km SW of Searles Valley, CA"
2019-07-05T05:10:37.400Z,ci38447999,35.7058333,-117.4781667,2.42,3.2,ml,"10km SW of Searles Valley, CA"
2019-07-05T05:18:25.380Z,ci38448031,35.769,-117.614,2.55,3.45,mw,"17km NNE of Ridgecrest, CA"
2019-07-05T06:09:23.110Z,ci38448295,35.6228333,-117.5716667,7.25,3.65,mw,"9km E of Ridgecrest, CA"
2019-07-05T06:40:42.650Z,ci38448487,35.701,-117.5081667,6.63,3.22,ml,"12km SW of Searles Valley, CA"
2019-07-05T07:02:22.360Z,ci38448631,35.7253333,-117.5646667,2.67,3.23,ml,"15km WSW of Searles Valley, CA"
2019-07-05T07:27:37.110Z,ci38448791,35.7503333,-117.5631667,6.89,3.72,mw,"14km W of Searles Valley, CA"
2019-07-05T07:39:13.480Z,ci38448863,35.688,-117.4785,10.6,3.46,mlr,"11km SW of Searles Valley, CA"
2019-07-05T08:21:04.780Z,ci38449191,35.6023333,-117.6041667,4.46,3.47,ml,"7km ESE of Ridgecrest, CA"
2019-07-05T08:54:02.480Z,ci38449351,35.704,-117.502,8.66,3.48,ml,"11km SW of Searles Valley, CA"
2019-07-05T09:46:29.080Z,ci38449719,35.6496667,-117.5481667,2.3,3.62,ml,"12km ENE of Ridgecrest, CA"
2019-07-05T10:16:34.490Z,ci38449919,35.6636667,-117.5026667,6.92,3.1,ml,"15km SW of Searles Valley, CA"
2019-07-05T10:59:38.920Z,ci38450223,35.602,-117.5901667,2.82,3.54,mw,"8km ESE of Ridgecrest, CA"
2019-07-05T11:07:53.040Z,ci38450263,35.7603333,-117.575,6.95,5.37,mw,"16km W of Searles Valley, CA"
2019-07-05T11:08:40.190Z,ci37260284,35.7575,-117.5715,7.02,3.75,mlr,"15km W of Searles Valley, CA"
2019-07-05T11:10:09.340Z,ci38450271,35.755,-117.5836667,7.0,3.03,ml,"16km W of Searles Valley, CA"
2019-07-05T11:29:14.850Z,ci38450415,35.7723333,-117.57,7.3,3.03,ml,"15km W of Searles Valley, CA"
2019-07-05T11:36:03.920Z,ci38450511,35.7631667,-117.5838333,7.91,3.19,ml,"16km W of Searles Valley, CA"
2019-07-05T12:23:57.920Z,ci38450935,35.7238333,-117.5303333,2.98,3.35,ml,"12km WSW of Searles Valley, CA"
2019-07-05T12:38:30.020Z,ci38451079,35.7716667,-117.5706667,6.82,4.09,mw,"15km W of Searles Valley, CA"
2019-07-05T12:39:06.080Z,ci37260292,35.6728333,-117.5208333,4.58,3.11,ml,"15km SW of Searles Valley, CA"
2019-07-05T12:55:04.830Z,ci38451239,35.7515,-117.5643333,7.35,3.65,mw,"15km W of Searles Valley, CA"
2019-07-05T14:39:33.450Z,ci38452095,35.7421667,-117.5666667,2.89,3.94,mw,"15km W of Searles Valley, CA"
2019-07-05T15:46:03.860Z,ci38452607,35.6995,-117.4841667,1.41,3.0,ml,"10km SW of Searles Valley, CA"
2019-07-05T17:02:36.510Z,ci38453279,35.6175,-117.5796667,10.83,3.84,mw,"9km E of Ridgecrest, CA"
2019-07-05T17:59:56.230Z,ci38453719,35.793,-117.615,4.01,3.41,ml,"19km W of Searles Valley, CA"
2019-07-05T22:38:23.380Z,ci38455679,35.7755,-117.6036667,2.5,3.07,ml,"18km W of Searles Valley, CA"
2019-07-06T00:13:02.720Z,ci38456351,35.7281667,-117.5618333,3.13,3.5,ml,"15km WSW of Searles Valley, CA"
2019-07-06T00:51:25.700Z,ci38456615,35.7501667,-117.5841667,6.6,3.67,mlr,"16km W of Searles Valley, CA"
2019-07-06T03:16:32.480Z,ci38457487,35.7253333,-117.5535,0.88,4.97,mw,"14km WSW of Searles Valley, CA"
2019-07-06T03:17:13.500Z,ci37257780,35.7453333,-117.5608333,6.5,4.14,ml,"14km W of Searles Valley, CA"
2019-07-06T03:19:53.040Z,ci38457511,35.7695,-117.5993333,8.0,7.1,mw,Ridgecrest Earthquake Sequence
2019-07-06T03:20:36.080Z,ci37222188,36.0068333,-117.8525,13.93,4.33,mlr,"9km NNE of Little Lake, CA"
2019-07-06T03:20:41.140Z,ci37222196,35.9496667,-117.7376667,9.28,4.81,mlr,"15km E of Little Lake, CA"
2019-07-06T03:21:10.050Z,ci37222204,35.8306667,-117.6601667,5.86,4.33,mlr,"23km N of Ridgecrest, CA"
2019-07-06T03:21:19.190Z,ci37260300,35.5423333,-117.5053333,5.6,4.15,mlr,"18km ESE of Ridgecrest, CA"
2019-07-06T03:22:03.570Z,ci38457519,35.9216667,-117.729,8.17,4.64,mlr,"16km E of Little Lake, CA"
2019-07-06T03:22:17.100Z,ci37219484,35.748,-117.5456667,3.9,4.55,mlr,"13km W of Searles Valley, CA"
2019-07-06T03:22:27.160Z,ci37219492,35.6171667,-117.4275,8.45,4.46,mlr,"17km S of Searles Valley, CA"
2019-07-06T03:22:35.630Z,ci37219500,35.6166667,-117.4301667,9.35,4.73,mlr,"17km S of Searles Valley, CA"
2019-07-06T03:22:48.300Z,ci37219156,35.891,-117.7365,9.1,4.64,mlr,"16km ESE of Little Lake, CA"
2019-07-06T03:23:07.570Z,ci37260308,35.8378333,-117.6406667,9.75,3.78,mlr,"23km WNW of Searles Valley, CA"
2019-07-06T03:23:19.870Z,ci37219468,35.861,-117.6778333,6.82,4.52,mlr,"22km ESE of Little Lake, CA"
2019-07-06T03:23:29.560Z,ci37260316,35.8778333,-117.724,6.14,4.0,mlr,"18km ESE of Little Lake, CA"
2019-07-06T03:23:34.710Z,ci37219476,35.5685,-117.5165,10.82,4.22,mlr,"16km ESE of Ridgecrest, CA"
2019-07-06T03:23:50.720Z,ci37219164,35.8031667,-117.6178333,11.44,4.84,mlr,"20km WNW of Searles Valley, CA"
2019-07-06T03:24:07.550Z,ci37219508,35.8876667,-117.7201667,7.95,3.91,mlr,"18km ESE of Little Lake, CA"
2019-07-06T03:24:15.200Z,ci37260444,35.9013333,-117.7075,7.11,3.52,mlr,"18km ESE of Little Lake, CA"
2019-07-06T03:24:22.370Z,ci38457535,35.9018333,-117.7273333,5.3,4.19,mlr,"17km ESE of Little Lake, CA"
2019-07-06T03:24:33.520Z,ci37219516,35.8911667,-117.6755,7.42,4.07,mlr,"21km ESE of Little Lake, CA"
2019-07-06T03:24:56.850Z,ci37260452,35.87,-117.5695,10.81,3.92,mlr,"19km NW of Searles Valley, CA"
2019-07-06T03:25:19.720Z,ci37219524,35.903,-117.6911667,7.01,3.91,mlr,"20km E of Little Lake, CA"
2019-07-06T03:25:27.970Z,ci37219172,35.8606667,-117.6708333,10.32,4.61,mlr,"23km ESE of Little Lake, CA"
2019-07-06T03:25:42.310Z,ci37260468,35.8708333,-117.6655,8.06,3.67,mlr,"23km ESE of Little Lake, CA"
2019-07-06T03:25:49.560Z,ci37260460,35.6543333,-117.478,1.75,3.98,mlr,"14km SSW of Searles Valley, CA"
2019-07-06T03:26:04.010Z,ci37219540,35.8331667,-117.6451667,8.1,4.02,mlr,"23km WNW of Searles Valley, CA"
2019-07-06T03:26:27.680Z,ci37260476,35.6135,-117.4368333,6.11,3.76,mlr,"17km S of Searles Valley, CA"
2019-07-06T03:26:40.490Z,ci37219548,35.8998333,-117.6955,6.89,3.57,mlr,"20km ESE of Little Lake, CA"
2019-07-06T03:26:51.990Z,ci37219556,35.8875,-117.6495,10.86,4.09,mlr,"24km ESE of Little Lake, CA"
2019-07-06T03:27:04.570Z,ci37260484,35.6105,-117.4176667,5.77,3.84,mlr,"17km SSW of Trona, CA"
2019-07-06T03:27:07.010Z,ci37219180,35.9138333,-117.7258333,8.0,4.5,mlr,"16km E of Little Lake, CA"
2019-07-06T03:27:11.370Z,ci37219564,35.5303333,-117.4313333,3.83,4.57,mlr,"24km ESE of Ridgecrest, CA"
2019-07-06T03:27:18.420Z,ci37260492,35.8733333,-117.6578333,6.73,3.91,mlr,"24km ESE of Little Lake, CA"
2019-07-06T03:27:25.350Z,ci37260500,35.665,-117.4866667,5.51,3.92,mlr,"14km SSW of Searles Valley, CA"
2019-07-06T03:27:36.260Z,ci37219572,35.8895,-117.6975,7.85,4.03,mlr,"20km ESE of Little Lake, CA"
2019-07-06T03:28:00.730Z,ci38457551,35.9106667,-117.7316667,8.16,4.09,mlr,"16km E of Little Lake, CA"
2019-07-06T03:28:12.340Z,ci37219580,35.8411667,-117.6598333,11.45,4.09,mlr,"24km WNW of Searles Valley, CA"
2019-07-06T03:28:25.160Z,ci37219588,35.8695,-117.6906667,2.66,3.98,mlr,"21km ESE of Little Lake, CA"
2019-07-06T03:28:46.550Z,ci38457559,35.9025,-117.7221667,4.76,4.19,mlr,"17km ESE of Little Lake, CA"
2019-07-06T03:29:10.290Z,ci37219596,35.6566667,-117.4465,2.23,4.02,mlr,"13km SSW of Searles Valley, CA"
2019-07-06T03:29:15.860Z,ci38457575,35.8656667,-117.6526667,15.11,4.01,mlr,"24km ESE of Little Lake, CA"
2019-07-06T03:29:28.840Z,ci37219604,35.7325,-117.5088333,7.03,4.07,mlr,"10km WSW of Searles Valley, CA"
2019-07-06T03:29:32.080Z,ci38457583,35.9028333,-117.7115,3.18,4.51,mlr,"18km ESE of Little Lake, CA"
2019-07-06T03:29:47.130Z,ci37219612,35.9016667,-117.704,7.8,3.57,mlr,"19km ESE of Little Lake, CA"
2019-07-06T03:29:50.040Z,ci37260612,35.8705,-117.6818333,5.35,3.57,ml,"22km ESE of Little Lake, CA"
2019-07-06T03:30:00.710Z,ci37260620,35.8845,-117.7018333,6.05,3.56,ml,"19km ESE of Little Lake, CA"
2019-07-06T03:30:25.050Z,ci38457591,35.5566667,-117.3581667,8.71,4.49,mlr,"23km S of Trona, CA"
2019-07-06T03:30:43.010Z,ci37219620,35.8671667,-117.7223333,8.26,3.53,mlr,"18km ESE of Little Lake, CA"
2019-07-06T03:30:59.670Z,ci37219628,35.9068333,-117.704,8.84,3.9,mlr,"19km E of Little Lake, CA"
2019-07-06T03:31:10.380Z,ci37219636,35.8936667,-117.7216667,9.39,3.55,mlr,"17km ESE of Little Lake, CA"
2019-07-06T03:31:24.540Z,ci37219644,35.6596667,-117.4853333,5.2,3.62,mlr,"14km SSW of Searles Valley, CA"
2019-07-06T03:31:33.720Z,ci37260788,35.7393333,-117.5488333,2.39,3.45,mlr,"13km WSW of Searles Valley, CA"
2019-07-06T03:31:48.760Z,ci37219652,35.8883333,-117.6978333,8.93,3.97,mlr,"20km ESE of Little Lake, CA"
2019-07-06T03:31:58.270Z,ci37219660,35.8901667,-117.7121667,6.29,3.86,mlr,"18km ESE of Little Lake, CA"
2019-07-06T03:32:13.430Z,ci37260804,35.8708333,-117.6531667,8.18,3.32,ml,"24km ESE of Little Lake, CA"
2019-07-06T03:32:25.640Z,ci37219668,35.8981667,-117.7263333,10.82,3.61,mlr,"17km ESE of Little Lake, CA"
2019-07-06T03:32:29.440Z,ci37219676,35.5985,-117.4145,6.69,3.68,mlr,"19km S of Trona, CA"
2019-07-06T03:32:46.660Z,ci38457599,35.8903333,-117.7303333,6.15,4.17,mlr,"17km ESE of Little Lake, CA"
2019-07-06T03:33:03.660Z,ci37219684,35.9025,-117.7163333,8.47,3.9,mlr,"18km ESE of Little Lake, CA"
2019-07-06T03:33:20.200Z,ci37219700,35.624,-117.4861667,10.99,4.08,mlr,"17km E of Ridgecrest, CA"
2019-07-06T03:33:39.100Z,ci37219716,35.8933333,-117.7238333,9.89,3.8,mlr,"17km ESE of Little Lake, CA"
2019-07-06T03:33:39.450Z,ci37219708,35.726,-117.5613333,11.09,4.01,mlr,"15km WSW of Searles Valley, CA"
2019-07-06T03:33:48.800Z,ci37261156,35.665,-117.424,0.78,3.19,ml,"12km S of Searles Valley, CA"
2019-07-06T03:33:55.940Z,ci37260828,35.8723333,-117.699,11.58,3.51,ml,"20km ESE of Little Lake, CA"
2019-07-06T03:34:21.530Z,ci37219732,35.7661667,-117.5875,1.82,3.63,mlr,"17km W of Searles Valley, CA"
2019-07-06T03:34:27.200Z,ci37260860,35.904,-117.7033333,8.1,3.43,ml,"19km E of Little Lake, CA"
2019-07-06T03:34:36.640Z,ci37261164,35.893,-117.7253333,6.89,3.29,ml,"17km ESE of Little Lake, CA"
2019-07-06T03:34:42.840Z,ci37219740,35.9058333,-117.6573333,9.5,3.74,mlr,"23km E of Little Lake, CA"
2019-07-06T03:34:55.980Z,ci37219788,35.5806667,-117.3961667,13.22,3.52,mlr,"20km S of Trona, CA"
2019-07-06T03:35:05.420Z,ci38457607,35.6521667,-117.4668333,1.97,4.09,mlr,"14km SSW of Searles Valley, CA"
2019-07-06T03:35:24.390Z,ci37260868,35.7051667,-117.5565,9.09,3.42,ml,"14km NE of Ridgecrest, CA"
2019-07-06T03:35:30.660Z,ci37219796,35.979,-117.7576667,6.52,3.67,mlr,"14km ENE of Little Lake, CA"
2019-07-06T03:35:44.730Z,ci37219804,35.614,-117.4453333,5.9,3.39,ml,"18km SSW of Searles Valley, CA"
2019-07-06T03:35:49.820Z,ci37260876,35.8838333,-117.69,7.5,3.35,ml,"20km ESE of Little Lake, CA"
2019-07-06T03:35:58.410Z,ci37260884,35.7175,-117.5576667,10.29,3.49,ml,"15km WSW of Searles Valley, CA"
2019-07-06T03:36:16.460Z,ci38457615,35.9028333,-117.7338333,7.27,4.35,mlr,"16km ESE of Little Lake, CA"
2019-07-06T03:36:28.480Z,ci37219812,35.6625,-117.5445,3.18,3.85,mlr,"13km ENE of Ridgecrest, CA"
2019-07-06T03:36:54.860Z,ci37260892,35.903,-117.7371667,9.16,3.22,ml,"16km ESE of Little Lake, CA"
2019-07-06T03:37:05.160Z,ci37219820,35.7326667,-117.5268333,2.63,3.63,mlr,"12km WSW of Searles Valley, CA"
2019-07-06T03:37:25.270Z,ci37219828,35.8718333,-117.7013333,6.12,3.53,mlr,"20km ESE of Little Lake, CA"
2019-07-06T03:37:44.910Z,ci37260924,35.6591667,-117.5008333,4.84,3.47,ml,"15km SW of Searles Valley, CA"
2019-07-06T03:38:22.930Z,ci37219836,35.9128333,-117.7123333,6.7,3.79,mlr,"18km E of Little Lake, CA"
2019-07-06T03:38:41.000Z,ci37261204,35.785,-117.605,9.3,3.26,ml,"18km W of Searles Valley, CA"
2019-07-06T03:38:56.100Z,ci38457623,35.6483333,-117.4673333,4.21,3.45,mlr,"14km SSW of Searles Valley, CA"
2019-07-06T03:39:02.720Z,ci37219844,35.7166667,-117.5515,10.52,3.69,mlr,"14km WSW of Searles Valley, CA"
2019-07-06T03:39:14.680Z,ci37421221,35.6136667,-117.433,9.8,3.84,mlr,"17km S of Searles Valley, CA"
2019-07-06T03:39:34.110Z,ci37421237,35.9021667,-117.7426667,8.81,3.74,mlr,"15km ESE of Little Lake, CA"
2019-07-06T03:39:41.270Z,ci37219852,35.9028333,-117.7208333,8.24,3.24,mlr,"17km ESE of Little Lake, CA"
2019-07-06T03:40:04.140Z,ci38457631,35.9133333,-117.703,7.04,3.65,mlr,"18km E of Little Lake, CA"
2019-07-06T03:40:32.540Z,ci37219860,35.7801667,-117.6281667,5.74,3.42,mlr,"18km NNE of Ridgecrest, CA"
2019-07-06T03:40:43.090Z,ci37261244,35.8776667,-117.6725,7.56,3.36,ml,"22km ESE of Little Lake, CA"
2019-07-06T03:40:51.430Z,ci37219868,35.7741667,-117.6118333,9.88,3.49,mlr,"18km NNE of Ridgecrest, CA"
2019-07-06T03:41:14.110Z,ci37219876,35.6398333,-117.4363333,3.31,3.14,mlr,"14km SSW of Searles Valley, CA"
2019-07-06T03:41:27.460Z,ci37261260,35.8903333,-117.6816667,8.24,3.18,ml,"21km ESE of Little Lake, CA"
2019-07-06T03:41:38.650Z,ci38457639,35.8923333,-117.722,7.87,3.98,mlr,"17km ESE of Little Lake, CA"
2019-07-06T03:41:46.460Z,ci37261268,35.9065,-117.727,6.0,3.46,ml,"16km ESE of Little Lake, CA"
2019-07-06T03:42:04.410Z,ci37261276,35.9073333,-117.7048333,7.09,3.2,ml,"18km E of Little Lake, CA"
2019-07-06T03:42:09.680Z,ci37261284,35.8751667,-117.73,6.96,3.57,ml,"17km ESE of Little Lake, CA"
2019-07-06T03:42:25.640Z,ci37219884,35.758,-117.5613333,7.57,3.3,ml,"14km W of Searles Valley, CA"
2019-07-06T03:42:37.900Z,ci37261436,35.5688333,-117.3843333,7.95,3.46,mlr,"22km S of Trona, CA"
2019-07-06T03:42:45.760Z,ci37219908,35.866,-117.6848333,4.95,3.57,ml,"22km ESE of Little Lake, CA"
2019-07-06T03:42:52.530Z,ci38457655,35.878,-117.7016667,4.58,3.86,mlr,"20km ESE of Little Lake, CA"
2019-07-06T03:43:09.040Z,ci37219900,35.8865,-117.6938333,9.46,3.85,mlr,"20km ESE of Little Lake, CA"
2019-07-06T03:43:32.470Z,ci37261468,35.8685,-117.7276667,6.05,3.15,ml,"18km ESE of Little Lake, CA"
2019-07-06T03:44:01.600Z,ci38457663,35.9135,-117.7276667,6.96,3.86,mlr,"16km E of Little Lake, CA"
2019-07-06T03:44:10.780Z,ci37261484,35.7821667,-117.5935,11.22,3.6,mlr,"17km W of Searles Valley, CA"
2019-07-06T03:44:17.710Z,ci37219924,35.9058333,-117.6941667,6.12,3.96,mlr,"19km E of Little Lake, CA"
2019-07-06T03:44:50.150Z,ci37219948,35.8971667,-117.7305,9.84,3.29,ml,"16km ESE of Little Lake, CA"
2019-07-06T03:45:09.010Z,ci38457671,35.9186667,-117.7188333,3.32,3.47,mlr,"17km E of Little Lake, CA"
2019-07-06T03:45:13.210Z,ci37220108,35.9026667,-117.7426667,8.47,3.49,mlr,"15km ESE of Little Lake, CA"
2019-07-06T03:45:29.320Z,ci37220268,35.8835,-117.7276667,7.51,3.46,mlr,"17km ESE of Little Lake, CA"
2019-07-06T03:45:54.830Z,ci37220276,35.7036667,-117.5063333,11.11,3.52,mlr,"12km SW of Searles Valley, CA"
2019-07-06T03:46:19.420Z,ci37261500,35.9111667,-117.7205,7.5,3.16,ml,"17km E of Little Lake, CA"
2019-07-06T03:46:26.870Z,ci38457679,35.6805,-117.4703333,6.85,4.26,mlr,"11km SSW of Searles Valley, CA"
2019-07-06T03:46:38.500Z,ci37220284,35.6573333,-117.45,2.12,3.72,mlr,"13km SSW of Searles Valley, CA"
2019-07-06T03:46:57.130Z,ci37261516,35.8941667,-117.7171667,5.11,3.34,ml,"18km ESE of Little Lake, CA"
2019-07-06T03:47:00.080Z,ci37220292,35.902,-117.7436667,8.46,3.57,mlr,"15km ESE of Little Lake, CA"
2019-07-06T03:47:08.740Z,ci37261540,35.8868333,-117.7173333,7.32,3.32,ml,"18km ESE of Little Lake, CA"
2019-07-06T03:47:53.420Z,ci38457687,35.9011667,-117.7495,5.04,5.5,mw,"15km ESE of Little Lake, CA"
2019-07-06T03:48:14.550Z,ci37261556,35.9013333,-117.7486667,7.58,3.8,mlr,"15km ESE of Little Lake, CA"
2019-07-06T03:48:24.660Z,ci37220300,35.9025,-117.69,0.5,3.98,mlr,"20km E of Little Lake, CA"
2019-07-06T03:48:36.260Z,ci37261564,35.9108333,-117.7353333,7.04,3.55,mlr,"16km E of Little Lake, CA"
2019-07-06T03:48:54.220Z,ci37261628,35.9998333,-117.7223333,9.53,3.53,ml,"18km ENE of Little Lake, CA"
2019-07-06T03:48:57.740Z,ci37261620,35.9058333,-117.7236667,6.2,3.68,mlr,"17km ESE of Little Lake, CA"
2019-07-06T03:49:24.980Z,ci37220308,35.5571667,-117.3851667,3.51,3.78,mlr,"23km S of Trona, CA"
2019-07-06T03:49:52.420Z,ci38457695,35.8261667,-117.6841667,7.08,3.83,mlr,"23km N of Ridgecrest, CA"
2019-07-06T03:50:04.740Z,ci37261788,35.6163333,-117.4436667,7.26,3.67,mlr,"17km SSW of Searles Valley, CA"
2019-07-06T03:50:11.070Z,ci37421773,35.9036667,-117.7248333,6.5,3.79,mlr,"17km ESE of Little Lake, CA"
2019-07-06T03:50:34.000Z,ci37220588,35.894,-117.7383333,8.37,3.45,ml,"16km ESE of Little Lake, CA"
2019-07-06T03:50:49.350Z,ci37220316,35.9101667,-117.739,10.71,3.79,mlr,"15km E of Little Lake, CA"
2019-07-06T03:50:59.710Z,ci38457703,35.9035,-117.7001667,8.26,4.97,mlr,"19km E of Little Lake, CA"
2019-07-06T03:51:20.330Z,ci37261844,35.9373333,-117.6741667,9.87,3.76,mlr,"21km E of Little Lake, CA"
2019-07-06T03:51:38.800Z,ci37261900,35.8958333,-117.707,6.16,3.44,ml,"18km ESE of Little Lake, CA"
2019-07-06T03:51:46.160Z,ci37261948,35.911,-117.6881667,8.23,3.23,ml,"20km E of Little Lake, CA"
2019-07-06T03:51:53.810Z,ci37261964,35.8895,-117.6785,8.96,3.08,ml,"21km ESE of Little Lake, CA"
2019-07-06T03:52:03.730Z,ci37220596,35.8996667,-117.6963333,9.69,3.57,ml,"19km ESE of Little Lake, CA"
2019-07-06T03:52:23.960Z,ci37220604,35.7508333,-117.6025,6.81,3.35,ml,"16km NNE of Ridgecrest, CA"
2019-07-06T03:52:54.840Z,ci37220612,35.5768333,-117.4073333,3.6,3.6,mlr,"21km S of Trona, CA"
2019-07-06T03:52:59.340Z,ci37220748,35.9273333,-117.7415,6.24,3.69,ml,"15km E of Little Lake, CA"
2019-07-06T03:53:20.900Z,ci37220908,35.775,-117.5638333,11.75,3.47,ml,"14km W of Searles Valley, CA"
2019-07-06T03:53:40.290Z,ci38457719,35.8696667,-117.7106667,5.8,3.68,mlr,"19km ESE of Little Lake, CA"
2019-07-06T03:53:40.350Z,ci37221068,35.7051667,-117.5235,10.04,3.27,ml,"13km WSW of Searles Valley, CA"
2019-07-06T03:53:57.980Z,ci37221076,35.9025,-117.6808333,8.09,3.67,ml,"21km E of Little Lake, CA"
2019-07-06T03:54:09.890Z,ci37261980,35.9,-117.744,6.99,3.24,ml,"15km ESE of Little Lake, CA"
2019-07-06T03:54:15.260Z,ci37261988,35.9173333,-117.7255,9.54,3.37,ml,"16km E of Little Lake, CA"
2019-07-06T03:54:46.840Z,ci38457727,35.78,-117.5856667,10.44,3.5,mlr,"16km W of Searles Valley, CA"
2019-07-06T03:55:03.710Z,ci37221092,35.63,-117.4376667,4.24,3.14,ml,"16km SSW of Searles Valley, CA"
2019-07-06T03:55:20.020Z,ci38457735,35.9055,-117.6875,8.43,4.06,mlr,"20km E of Little Lake, CA"
2019-07-06T03:55:48.170Z,ci37262524,35.8348333,-117.6805,9.05,3.15,ml,"23km ESE of Little Lake, CA"
2019-07-06T03:56:01.640Z,ci37221100,35.8818333,-117.674,4.37,3.48,ml,"22km ESE of Little Lake, CA"
2019-07-06T03:56:02.750Z,ci37262684,35.6693333,-117.4813333,3.23,3.07,ml,"13km SSW of Searles Valley, CA"
2019-07-06T03:56:10.490Z,ci37262860,35.8981667,-117.7306667,6.58,3.35,ml,"16km ESE of Little Lake, CA"
2019-07-06T03:56:25.080Z,ci37262884,35.87,-117.7083333,5.44,3.09,ml,"19km ESE of Little Lake, CA"
2019-07-06T03:56:33.520Z,ci37221108,35.918,-117.7361667,6.52,3.53,ml,"16km E of Little Lake, CA"
2019-07-06T03:56:45.000Z,ci37262892,35.9136667,-117.7153333,6.04,3.24,ml,"17km E of Little Lake, CA"
2019-07-06T03:57:12.320Z,ci37262916,35.8958333,-117.74,7.23,3.01,ml,"16km ESE of Little Lake, CA"
2019-07-06T03:57:37.970Z,ci37221116,35.8908333,-117.6995,4.57,3.59,mlr,"19km ESE of Little Lake, CA"
2019-07-06T03:57:50.900Z,ci37421229,35.869,-117.6613333,7.21,4.31,mlr,"23km ESE of Little Lake, CA"
2019-07-06T03:58:11.300Z,ci37262924,35.8846667,-117.6908333,9.69,3.44,ml,"20km ESE of Little Lake, CA"
2019-07-06T03:58:25.300Z,ci37221124,35.6591667,-117.4605,9.41,3.49,mlr,"13km SSW of Searles Valley, CA"
2019-07-06T03:58:47.290Z,ci37262956,35.637,-117.4765,5.27,3.22,ml,"16km SSW of Searles Valley, CA"
2019-07-06T03:58:57.000Z,ci37263204,35.7838333,-117.6118333,7.39,3.15,ml,"19km W of Searles Valley, CA"
2019-07-06T03:58:57.750Z,ci37263020,35.91,-117.6836667,2.3,3.39,ml,"20km E of Little Lake, CA"
2019-07-06T03:59:10.110Z,ci37263212,35.873,-117.6878333,4.52,3.03,ml,"21km ESE of Little Lake, CA"
2019-07-06T03:59:24.000Z,ci37221132,35.8928333,-117.7238333,8.02,3.47,ml,"17km ESE of Little Lake, CA"
2019-07-06T03:59:48.610Z,ci38457759,35.8751667,-117.7141667,4.37,3.53,mlr,"19km ESE of Little Lake, CA"
2019-07-06T04:00:10.650Z,ci37221140,35.8936667,-117.7386667,6.94,3.04,ml,"16km ESE of Little Lake, CA"
2019-07-06T04:00:36.030Z,ci37221148,35.9475,-117.7018333,4.68,3.2,ml,"18km E of Little Lake, CA"
2019-07-06T04:00:46.390Z,ci37263220,35.8815,-117.7318333,2.65,3.01,ml,"17km ESE of Little Lake, CA"
2019-07-06T04:00:58.520Z,ci37221180,35.55,-117.3796667,2.29,3.2,ml,"24km S of Trona, CA"
2019-07-06T04:01:05.610Z,ci37221156,35.8373333,-117.6685,10.82,3.24,ml,"24km N of Ridgecrest, CA"
2019-07-06T04:02:14.740Z,ci37221164,35.8911667,-117.683,2.23,3.0,ml,"21km ESE of Little Lake, CA"
2019-07-06T04:02:42.790Z,ci38457767,35.6935,-117.524,7.47,3.28,ml,"14km SW of Searles Valley, CA"
2019-07-06T04:02:59.570Z,ci37221220,35.8821667,-117.7163333,4.85,3.48,ml,"18km ESE of Little Lake, CA"
2019-07-06T04:03:06.160Z,ci37263228,35.917,-117.7105,6.17,3.11,ml,"18km E of Little Lake, CA"
2019-07-06T04:04:09.030Z,ci37221236,35.5761667,-117.3451667,4.14,3.11,ml,"21km S of Trona, CA"
2019-07-06T04:04:53.230Z,ci37221388,35.8926667,-117.7288333,6.47,3.08,ml,"17km ESE of Little Lake, CA"
2019-07-06T04:05:27.720Z,ci37221404,35.6578333,-117.4866667,1.93,3.55,ml,"14km SSW of Searles Valley, CA"
2019-07-06T04:05:40.640Z,ci37263236,35.8291667,-117.657,6.3,3.05,ml,"23km N of Ridgecrest, CA"
2019-07-06T04:05:49.900Z,ci37221188,35.917,-117.7088333,2.34,3.9,ml,"18km E of Little Lake, CA"
2019-07-06T04:06:10.320Z,ci37221196,35.8736667,-117.738,-0.41,3.13,ml,"17km ESE of Little Lake, CA"
2019-07-06T04:06:14.580Z,ci38457887,35.578,-117.3738333,5.91,3.79,mlr,"21km S of Trona, CA"
2019-07-06T04:06:31.960Z,ci37221204,35.598,-117.3588333,5.81,3.21,ml,"19km S of Trona, CA"
2019-07-06T04:06:50.070Z,ci37221212,35.6196667,-117.4608333,10.76,3.18,ml,"17km SSW of Searles Valley, CA"
2019-07-06T04:07:04.570Z,ci38457775,35.5551667,-117.5215,5.5,4.68,mlr,"16km ESE of Ridgecrest, CA"
2019-07-06T04:07:15.800Z,ci37263244,35.8646667,-117.6946667,2.73,3.74,mlr,"21km ESE of Little Lake, CA"
2019-07-06T04:07:37.930Z,ci37221428,35.9103333,-117.7176667,4.05,3.62,mlr,"17km E of Little Lake, CA"
2019-07-06T04:07:52.610Z,ci37221436,35.896,-117.7023333,7.88,3.03,ml,"19km ESE of Little Lake, CA"
2019-07-06T04:08:07.770Z,ci37263252,35.7398333,-117.5806667,11.65,3.13,ml,"16km NNE of Ridgecrest, CA"
2019-07-06T04:08:35.800Z,ci38457791,35.8688333,-117.6666667,6.45,3.41,ml,"23km ESE of Little Lake, CA"
2019-07-06T04:08:45.480Z,ci37221444,35.8875,-117.6833333,8.77,3.44,ml,"21km ESE of Little Lake, CA"
2019-07-06T04:08:55.760Z,ci37263260,35.8868333,-117.687,8.18,3.0,ml,"20km ESE of Little Lake, CA"
2019-07-06T04:09:31.080Z,ci37221460,35.6781667,-117.5466667,11.16,3.37,ml,"13km ENE of Ridgecrest, CA"
2019-07-06T04:09:50.190Z,ci37221548,35.6916667,-117.5116667,8.69,3.45,ml,"13km SW of Searles Valley, CA"
2019-07-06T04:10:05.710Z,ci37221556,35.6353333,-117.3996667,3.04,3.38,ml,"14km S of Trona, CA"
2019-07-06T04:10:06.490Z,ci37221564,35.8218333,-117.6493333,6.35,3.26,ml,"22km N of Ridgecrest, CA"
2019-07-06T04:10:37.520Z,ci38457799,35.835,-117.675,9.07,3.45,mlr,"24km ESE of Little Lake, CA"
2019-07-06T04:10:49.060Z,ci37221580,35.7778333,-117.5806667,10.58,3.69,mlr,"16km W of Searles Valley, CA"
2019-07-06T04:10:52.280Z,ci37221612,35.925,-117.6946667,3.18,3.4,ml,"19km E of Little Lake, CA"
2019-07-06T04:10:58.090Z,ci37263324,35.8768333,-117.7138333,9.75,3.57,mlr,"19km ESE of Little Lake, CA"
2019-07-06T04:11:02.280Z,ci37221588,35.9,-117.6926667,6.48,3.83,mlr,"20km ESE of Little Lake, CA"
2019-07-06T04:11:08.920Z,ci37258068,35.9213333,-117.7086667,9.03,3.49,ml,"18km E of Little Lake, CA"
2019-07-06T04:11:23.280Z,ci37221596,35.8793333,-117.6923333,11.35,3.25,ml,"20km ESE of Little Lake, CA"
2019-07-06T04:11:53.940Z,ci37221604,35.9116667,-117.7258333,6.76,3.08,ml,"16km E of Little Lake, CA"
2019-07-06T04:12:02.550Z,ci37263332,35.6775,-117.49,1.26,3.09,ml,"13km SW of Searles Valley, CA"
2019-07-06T04:12:13.840Z,ci38457807,35.659,-117.4798333,6.97,3.86,mlr,"14km SSW of Searles Valley, CA"
2019-07-06T04:12:18.850Z,ci37221620,35.8873333,-117.7228333,9.17,3.87,ml,"17km ESE of Little Lake, CA"
2019-07-06T04:12:44.170Z,ci37221628,35.841,-117.6408333,10.1,3.57,mlr,"23km WNW of Searles Valley, CA"
2019-07-06T04:13:06.130Z,ci37220324,35.9091667,-117.6893333,8.39,3.63,mlr,"20km E of Little Lake, CA"
2019-07-06T04:13:07.080Z,ci38457815,35.5846667,-117.6145,9.73,4.8,mlr,"7km SE of Ridgecrest, CA"
2019-07-06T04:13:30.590Z,ci37263340,35.891,-117.7268333,10.01,3.52,mlr,"17km ESE of Little Lake, CA"
2019-07-06T04:13:55.120Z,ci37221636,35.9041667,-117.6808333,9.43,3.43,ml,"21km E of Little Lake, CA"
2019-07-06T04:14:20.800Z,ci37221644,35.6041667,-117.4026667,6.72,3.84,mlr,"18km S of Trona, CA"
2019-07-06T04:14:31.370Z,ci37221708,35.6795,-117.4906667,0.91,3.74,mlr,"12km SW of Searles Valley, CA"
2019-07-06T04:14:55.290Z,ci37263348,35.7095,-117.5066667,7.01,3.02,ml,"11km SW of Searles Valley, CA"
2019-07-06T04:14:59.200Z,ci37221716,35.903,-117.7271667,4.42,3.04,ml,"17km ESE of Little Lake, CA"
2019-07-06T04:16:01.980Z,ci37221876,35.887,-117.689,9.01,3.13,ml,"20km ESE of Little Lake, CA"
2019-07-06T04:16:17.230Z,ci38457831,35.8248333,-117.6715,8.56,3.52,ml,"23km N of Ridgecrest, CA"
2019-07-06T04:16:36.160Z,ci37221892,35.8115,-117.6263333,7.49,3.14,ml,"21km WNW of Searles Valley, CA"
2019-07-06T04:16:48.800Z,ci37221884,35.824,-117.66,5.81,3.58,ml,"23km N of Ridgecrest, CA"
2019-07-06T04:18:07.940Z,ci38457839,35.6658333,-117.4823333,4.15,3.39,mlr,"13km SSW of Searles Valley, CA"
2019-07-06T04:18:32.600Z,ci37221924,35.8975,-117.7268333,8.21,3.16,ml,"17km ESE of Little Lake, CA"
2019-07-06T04:18:36.030Z,ci37221916,35.694,-117.5381667,8.39,3.63,ml,"15km SW of Searles Valley, CA"
2019-07-06T04:18:55.790Z,ci38457847,35.9101667,-117.6848333,7.41,5.44,mw,"20km E of Little Lake, CA"
2019-07-06T04:19:15.480Z,ci37221932,35.785,-117.6175,10.63,4.29,mlr,"19km NNE of Ridgecrest, CA"
2019-07-06T04:19:40.830Z,ci37263380,35.889,-117.7245,1.31,3.37,ml,"17km ESE of Little Lake, CA"
2019-07-06T04:19:54.940Z,ci38457855,35.885,-117.717,4.9,3.83,mlr,"18km ESE of Little Lake, CA"
2019-07-06T04:19:56.010Z,ci38457863,35.5808333,-117.4041667,5.18,4.01,mlr,"20km S of Trona, CA"
2019-07-06T04:20:06.180Z,ci37263396,35.8981667,-117.71,10.24,3.53,ml,"18km ESE of Little Lake, CA"
2019-07-06T04:20:22.140Z,ci37263484,35.8773333,-117.7265,4.23,3.36,ml,"18km ESE of Little Lake, CA"
2019-07-06T04:20:28.200Z,ci37221940,35.9246667,-117.7088333,2.76,3.68,ml,"18km E of Little Lake, CA"
2019-07-06T04:20:46.910Z,ci37221948,35.8735,-117.7,3.16,3.6,ml,"20km ESE of Little Lake, CA"
2019-07-06T04:21:00.220Z,ci37263500,35.7971667,-117.6243333,8.47,3.53,ml,"20km NNE of Ridgecrest, CA"
2019-07-06T04:21:35.820Z,ci38457871,35.7786667,-117.6121667,2.59,4.17,mlr,"18km NNE of Ridgecrest, CA"
2019-07-06T04:21:53.760Z,ci37222028,35.7166667,-117.5548333,6.81,3.62,ml,"15km WSW of Searles Valley, CA"
2019-07-06T04:22:16.200Z,ci37222036,35.8611667,-117.6911667,7.72,3.64,ml,"21km ESE of Little Lake, CA"
2019-07-06T04:22:39.100Z,ci37222044,35.913,-117.7446667,6.21,3.09,ml,"15km E of Little Lake, CA"
2019-07-06T04:23:29.510Z,ci37222052,35.6506667,-117.488,1.08,3.37,ml,"15km SSW of Searles Valley, CA"
2019-07-06T04:23:29.830Z,ci37222060,35.8885,-117.7186667,4.63,3.34,ml,"18km ESE of Little Lake, CA"
2019-07-06T04:23:52.580Z,ci37263508,35.8926667,-117.6963333,9.72,3.09,ml,"20km ESE of Little Lake, CA"
2019-07-06T04:24:14.940Z,ci38457879,35.6356667,-117.429,5.65,3.26,ml,"15km S of Searles Valley, CA"
2019-07-06T04:24:40.670Z,ci38457895,35.8976667,-117.6995,7.41,3.65,mlr,"19km ESE of Little Lake, CA"
2019-07-06T04:24:43.320Z,ci37222092,35.6741667,-117.549,7.96,3.67,ml,"13km ENE of Ridgecrest, CA"
2019-07-06T04:26:37.290Z,ci37222140,35.9016667,-117.7136667,10.01,3.23,ml,"18km ESE of Little Lake, CA"
2019-07-06T04:27:10.340Z,ci38457903,35.8871667,-117.7131667,5.98,3.59,mlr,"18km ESE of Little Lake, CA"
2019-07-06T04:28:09.260Z,ci37222156,35.8821667,-117.7261667,3.78,3.51,ml,"17km ESE of Little Lake, CA"
2019-07-06T04:28:38.500Z,ci37222164,35.8953333,-117.731,6.95,3.16,ml,"16km ESE of Little Lake, CA"
2019-07-06T04:29:02.200Z,ci38457911,35.7955,-117.6306667,2.82,3.6,mlr,"20km NNE of Ridgecrest, CA"
2019-07-06T04:29:21.400Z,ci37263516,35.8655,-117.6895,9.06,3.08,ml,"21km ESE of Little Lake, CA"
2019-07-06T04:30:03.430Z,ci37224788,35.8991667,-117.6965,2.48,3.23,ml,"19km ESE of Little Lake, CA"
2019-07-06T04:30:09.210Z,ci37263644,35.894,-117.6998333,0.8,3.0,ml,"19km ESE of Little Lake, CA"
2019-07-06T04:30:44.040Z,ci38457919,35.8723333,-117.6735,8.26,3.04,ml,"22km ESE of Little Lake, CA"
2019-07-06T04:30:46.820Z,ci37224748,35.6833333,-117.5111667,10.89,3.49,ml,"14km SW of Searles Valley, CA"
2019-07-06T04:31:05.250Z,ci38457927,35.8408333,-117.6601667,4.81,3.54,ml,"24km N of Ridgecrest, CA"
2019-07-06T04:31:19.460Z,ci37224756,35.5656667,-117.3958333,3.36,3.75,mlr,"22km S of Trona, CA"
2019-07-06T04:31:38.200Z,ci37224764,35.8988333,-117.7261667,5.82,3.41,ml,"17km ESE of Little Lake, CA"
2019-07-06T04:31:42.380Z,ci37263532,35.8936667,-117.7336667,6.66,3.28,ml,"16km ESE of Little Lake, CA"
2019-07-06T04:32:12.860Z,ci37263548,35.7818333,-117.605,4.56,3.17,ml,"18km W of Searles Valley, CA"
2019-07-06T04:33:24.410Z,ci38457935,35.9205,-117.714,2.58,3.34,ml,"17km E of Little Lake, CA"
2019-07-06T04:33:40.150Z,ci37263684,35.8786667,-117.703,6.57,3.05,ml,"19km ESE of Little Lake, CA"
2019-07-06T04:33:50.060Z,ci37224772,35.8285,-117.6625,2.97,3.61,mlr,"23km N of Ridgecrest, CA"
2019-07-06T04:34:01.800Z,ci37224796,35.8741667,-117.7021667,6.32,3.22,ml,"20km ESE of Little Lake, CA"
2019-07-06T04:34:11.150Z,ci37224780,35.8965,-117.7398333,7.81,3.53,ml,"16km ESE of Little Lake, CA"
2019-07-06T04:34:24.330Z,ci37224804,35.8736667,-117.7163333,4.45,3.13,ml,"18km ESE of Little Lake, CA"
2019-07-06T04:34:38.320Z,ci37224812,35.6751667,-117.5348333,7.76,3.18,ml,"14km ENE of Ridgecrest, CA"
2019-07-06T04:35:15.900Z,ci37224820,35.5975,-117.4043333,4.86,3.21,ml,"19km S of Trona, CA"
2019-07-06T04:36:30.490Z,ci38457951,35.7061667,-117.512,2.29,3.17,ml,"12km SW of Searles Valley, CA"
2019-07-06T04:36:50.230Z,ci37224932,35.8688333,-117.7066667,2.76,3.8,mlr,"20km ESE of Little Lake, CA"
2019-07-06T04:36:55.310Z,ci38457967,35.9,-117.7376667,1.9,4.85,mw,"16km ESE of Little Lake, CA"
2019-07-06T04:37:13.570Z,ci37224964,35.91,-117.7453333,8.01,4.33,mlr,"15km ESE of Little Lake, CA"
2019-07-06T04:37:31.520Z,ci37263716,35.7051667,-117.5266667,8.94,3.22,ml,"13km WSW of Searles Valley, CA"
2019-07-06T04:37:43.640Z,ci37224972,35.8266667,-117.6645,8.41,3.27,ml,"23km N of Ridgecrest, CA"
2019-07-06T04:38:08.610Z,ci37263724,35.6326667,-117.434,6.26,3.59,mlr,"15km S of Searles Valley, CA"
2019-07-06T04:38:24.630Z,ci37263732,35.686,-117.5345,8.09,3.02,ml,"15km ENE of Ridgecrest, CA"
2019-07-06T04:39:10.040Z,ci38457975,35.8893333,-117.7431667,6.63,3.15,ml,"16km ESE of Little Lake, CA"
2019-07-06T04:39:43.930Z,ci37224980,35.8901667,-117.7095,8.36,3.42,ml,"18km ESE of Little Lake, CA"
2019-07-06T04:39:46.020Z,ci37224988,35.89,-117.711,7.54,3.4,ml,"18km ESE of Little Lake, CA"
2019-07-06T04:40:09.690Z,ci37224996,35.837,-117.6663333,9.8,3.42,ml,"24km N of Ridgecrest, CA"
2019-07-06T04:40:15.980Z,ci38457983,35.6428333,-117.4456667,2.88,4.24,mlr,"14km SSW of Searles Valley, CA"
2019-07-06T04:40:39.610Z,ci37225004,35.8805,-117.7151667,3.41,3.39,ml,"18km ESE of Little Lake, CA"
2019-07-06T04:41:03.050Z,ci38457991,35.8993333,-117.7248333,5.62,3.61,mlr,"17km ESE of Little Lake, CA"
2019-07-06T04:41:49.210Z,ci38457999,35.8868333,-117.691,6.77,3.45,mlr,"20km ESE of Little Lake, CA"
2019-07-06T04:42:54.390Z,ci38458007,35.6915,-117.6045,6.63,3.36,ml,"10km NE of Ridgecrest, CA"
2019-07-06T04:43:22.910Z,ci37225044,35.6975,-117.5495,10.37,3.14,ml,"14km NE of Ridgecrest, CA"
2019-07-06T04:44:09.190Z,ci38458015,35.887,-117.7276667,6.17,3.03,ml,"17km ESE of Little Lake, CA"
2019-07-06T04:44:32.390Z,ci38458023,35.6228333,-117.5791667,7.0,3.33,ml,"9km E of Ridgecrest, CA"
2019-07-06T04:44:37.670Z,ci37225084,35.9085,-117.7411667,6.48,3.14,ml,"15km ESE of Little Lake, CA"
2019-07-06T04:45:36.470Z,ci38458031,35.9051667,-117.7241667,4.51,3.56,ml,"17km ESE of Little Lake, CA"
2019-07-06T04:45:40.920Z,ci37225100,35.903,-117.6748333,9.0,3.33,ml,"21km E of Little Lake, CA"
2019-07-06T04:47:30.930Z,ci38458047,35.754,-117.5516667,11.09,3.05,ml,"13km W of Searles Valley, CA"
2019-07-06T04:47:37.150Z,ci37225172,35.6303333,-117.3601667,4.83,3.16,ml,"15km S of Trona, CA"
2019-07-06T04:48:48.860Z,ci37225196,35.8293333,-117.6585,7.38,3.12,ml,"23km N of Ridgecrest, CA"
2019-07-06T04:49:02.340Z,ci37225204,35.6426667,-117.4406667,2.63,3.05,ml,"14km SSW of Searles Valley, CA"
2019-07-06T04:49:42.550Z,ci38458063,35.8815,-117.7301667,8.06,3.71,mlr,"17km ESE of Little Lake, CA"
2019-07-06T04:50:04.100Z,ci37225220,35.7906667,-117.6133333,7.19,3.68,mlr,"19km W of Searles Valley, CA"
2019-07-06T04:50:11.880Z,ci37263764,35.892,-117.7288333,5.64,3.51,mlr,"17km ESE of Little Lake, CA"
2019-07-06T04:50:16.120Z,ci37225228,35.896,-117.732,7.18,3.72,mlr,"16km ESE of Little Lake, CA"
2019-07-06T04:50:23.490Z,ci37263772,35.897,-117.7081667,5.62,3.41,ml,"18km ESE of Little Lake, CA"
2019-07-06T04:50:42.220Z,ci37225388,35.7078333,-117.5008333,1.53,3.45,ml,"11km SW of Searles Valley, CA"
2019-07-06T04:51:49.070Z,ci37225412,35.923,-117.7113333,3.86,3.04,ml,"18km E of Little Lake, CA"
2019-07-06T04:52:04.010Z,ci38458071,35.8895,-117.7323333,5.37,3.54,mlr,"17km ESE of Little Lake, CA"
2019-07-06T04:52:17.710Z,ci38458079,35.8773333,-117.6945,3.32,4.47,mlr,"20km ESE of Little Lake, CA"
2019-07-06T04:52:45.230Z,ci37225420,35.8698333,-117.6935,2.45,3.4,ml,"21km ESE of Little Lake, CA"
2019-07-06T04:53:03.960Z,ci37225428,35.8966667,-117.7353333,6.77,3.54,ml,"16km ESE of Little Lake, CA"
2019-07-06T04:53:41.990Z,ci38458087,35.875,-117.6595,6.86,3.98,mlr,"23km ESE of Little Lake, CA"
2019-07-06T04:53:45.340Z,ci37225436,35.5921667,-117.5275,9.9,3.66,mlr,"14km ESE of Ridgecrest, CA"
2019-07-06T04:55:21.890Z,ci37225548,35.7133333,-117.5515,4.83,3.0,ml,"15km WSW of Searles Valley, CA"
2019-07-06T04:55:22.740Z,ci38458103,35.7413333,-117.5661667,11.17,3.14,ml,"15km W of Searles Valley, CA"
2019-07-06T04:55:47.030Z,ci38458111,35.8775,-117.7021667,11.01,3.04,ml,"20km ESE of Little Lake, CA"
2019-07-06T04:56:02.220Z,ci38458119,35.8755,-117.6553333,7.35,3.22,ml,"24km ESE of Little Lake, CA"
2019-07-06T04:57:26.620Z,ci38458127,35.926,-117.7065,3.93,3.26,ml,"18km E of Little Lake, CA"
2019-07-06T04:58:12.040Z,ci38458135,35.6321667,-117.433,3.19,3.45,mlr,"15km S of Searles Valley, CA"
2019-07-06T04:58:36.690Z,ci38458143,35.7073333,-117.5706667,2.9,4.03,mlr,"14km NE of Ridgecrest, CA"
2019-07-06T05:00:29.050Z,ci38458159,35.8813333,-117.7041667,2.94,3.24,ml,"19km ESE of Little Lake, CA"
2019-07-06T05:00:43.610Z,ci37427093,35.9031667,-117.731,6.16,3.09,ml,"16km ESE of Little Lake, CA"
2019-07-06T05:01:53.030Z,ci37427197,35.7096667,-117.5468333,6.56,3.0,ml,"14km WSW of Searles Valley, CA"
2019-07-06T05:03:07.180Z,ci37427213,35.8925,-117.7126667,2.43,3.51,ml,"18km ESE of Little Lake, CA"
2019-07-06T05:03:36.720Z,ci38458167,35.8855,-117.6973333,3.71,3.45,ml,"20km ESE of Little Lake, CA"
2019-07-06T05:04:19.720Z,ci38458175,35.8793333,-117.6948333,7.37,3.63,mlr,"20km ESE of Little Lake, CA"
2019-07-06T05:04:23.380Z,ci37427253,35.8806667,-117.6978333,5.67,3.61,mlr,"20km ESE of Little Lake, CA"
2019-07-06T05:04:53.860Z,ci38458183,35.8846667,-117.706,2.59,3.11,ml,"19km ESE of Little Lake, CA"
2019-07-06T05:06:56.030Z,ci38458199,35.9165,-117.7333333,6.17,3.27,ml,"16km E of Little Lake, CA"
2019-07-06T05:08:11.260Z,ci38458215,35.717,-117.5636667,7.99,3.67,mlr,"15km NE of Ridgecrest, CA"
2019-07-06T05:08:42.570Z,ci37427405,35.6803333,-117.4636667,1.61,3.0,ml,"11km SSW of Searles Valley, CA"
2019-07-06T05:09:31.790Z,ci38458223,35.7526667,-117.5785,3.16,3.44,mlr,"16km W of Searles Valley, CA"
2019-07-06T05:09:59.590Z,ci37427421,35.9166667,-117.7113333,2.51,3.11,ml,"18km E of Little Lake, CA"
2019-07-06T05:10:09.260Z,ci37427437,35.8918333,-117.7218333,4.02,3.51,ml,"17km ESE of Little Lake, CA"
2019-07-06T05:13:14.990Z,ci38458263,35.8755,-117.6608333,7.14,3.97,mlr,"23km ESE of Little Lake, CA"
2019-07-06T05:13:51.490Z,ci37427557,35.9065,-117.7238333,5.97,3.21,ml,"17km ESE of Little Lake, CA"
2019-07-06T05:14:56.880Z,ci38458287,35.7508333,-117.5593333,10.91,3.38,ml,"14km W of Searles Valley, CA"
2019-07-06T05:15:37.240Z,ci38458295,35.9128333,-117.7448333,8.56,3.52,ml,"15km E of Little Lake, CA"
2019-07-06T05:16:05.280Z,ci37226844,35.9116667,-117.7355,7.27,3.32,ml,"16km E of Little Lake, CA"
2019-07-06T05:16:20.470Z,ci37226852,35.913,-117.7313333,4.63,3.17,ml,"16km E of Little Lake, CA"
2019-07-06T05:18:30.310Z,ci37226900,35.8905,-117.7338333,5.18,3.07,ml,"16km ESE of Little Lake, CA"
2019-07-06T05:19:37.350Z,ci38458303,35.7006667,-117.551,10.72,3.06,ml,"14km NE of Ridgecrest, CA"
2019-07-06T05:21:02.300Z,ci37226940,35.7465,-117.5485,5.25,3.06,ml,"13km W of Searles Valley, CA"
2019-07-06T05:21:11.120Z,ci38458327,35.6001667,-117.4273333,1.84,3.26,ml,"19km S of Searles Valley, CA"
2019-07-06T05:22:34.420Z,ci37226956,35.8796667,-117.691,2.89,3.06,ml,"20km ESE of Little Lake, CA"
2019-07-06T05:22:52.800Z,ci37226964,35.9063333,-117.7225,6.27,3.16,ml,"17km ESE of Little Lake, CA"
2019-07-06T05:23:49.830Z,ci38458359,35.8953333,-117.7063333,6.49,3.05,ml,"19km ESE of Little Lake, CA"
2019-07-06T05:25:04.870Z,ci38458375,35.833,-117.6775,3.43,4.29,mlr,"24km N of Ridgecrest, CA"
2019-07-06T05:25:36.710Z,ci37227020,35.7331667,-117.561,6.77,3.5,ml,"15km WSW of Searles Valley, CA"
2019-07-06T05:25:41.850Z,ci37263980,35.9091667,-117.7,6.22,3.32,ml,"19km E of Little Lake, CA"
2019-07-06T05:26:05.990Z,ci38458383,35.9033333,-117.7201667,6.16,3.3,ml,"17km ESE of Little Lake, CA"
2019-07-06T05:26:53.000Z,ci38458391,35.6468333,-117.4601667,3.11,3.45,mlr,"14km SSW of Searles Valley, CA"
2019-07-06T05:27:05.020Z,ci37227036,35.8563333,-117.6735,2.69,3.44,ml,"23km ESE of Little Lake, CA"
2019-07-06T05:27:28.120Z,ci37227044,35.8928333,-117.7376667,8.61,3.07,ml,"16km ESE of Little Lake, CA"
2019-07-06T05:28:05.080Z,ci37227068,35.5621667,-117.5248333,7.13,3.04,ml,"15km ESE of Ridgecrest, CA"
2019-07-06T05:28:39.220Z,ci38458407,35.9026667,-117.7258333,5.41,3.16,ml,"17km ESE of Little Lake, CA"
2019-07-06T05:28:43.140Z,ci37227076,35.8501667,-117.6586667,10.97,3.48,mlr,"24km ESE of Little Lake, CA"
2019-07-06T05:29:07.270Z,ci37227084,35.9088333,-117.6756667,4.06,3.17,ml,"21km E of Little Lake, CA"
2019-07-06T05:29:28.650Z,ci37227156,35.6463333,-117.4525,5.05,3.0,ml,"14km SSW of Searles Valley, CA"
2019-07-06T05:29:40.360Z,ci38458415,35.8915,-117.7301667,3.98,3.04,ml,"17km ESE of Little Lake, CA"
2019-07-06T05:30:43.690Z,ci37227172,35.5493333,-117.3846667,4.47,3.09,ml,"24km S of Trona, CA"
2019-07-06T05:31:56.580Z,ci38458431,35.855,-117.682,8.65,3.39,ml,"22km ESE of Little Lake, CA"
2019-07-06T05:32:17.910Z,ci37227196,35.8945,-117.7201667,8.6,3.1,ml,"17km ESE of Little Lake, CA"
2019-07-06T05:32:29.140Z,ci37227204,35.881,-117.6933333,2.66,3.27,ml,"20km ESE of Little Lake, CA"
2019-07-06T05:32:43.080Z,ci37227220,35.8595,-117.6906667,9.04,3.14,ml,"21km ESE of Little Lake, CA"
2019-07-06T05:32:59.940Z,ci38458439,35.8441667,-117.6796667,7.73,3.61,mlr,"23km ESE of Little Lake, CA"
2019-07-06T05:33:13.660Z,ci37227228,35.8861667,-117.6685,2.45,3.38,ml,"22km ESE of Little Lake, CA"
2019-07-06T05:34:08.110Z,ci38458447,35.6696667,-117.5156667,1.62,3.03,ml,"15km SW of Searles Valley, CA"
2019-07-06T05:37:30.430Z,ci38458479,35.8793333,-117.7153333,4.43,3.32,ml,"18km ESE of Little Lake, CA"
2019-07-06T05:39:14.300Z,ci38458487,35.799,-117.6271667,9.77,3.44,ml,"20km NNE of Ridgecrest, CA"
2019-07-06T05:40:08.510Z,ci38458495,35.888,-117.6785,9.34,3.27,ml,"21km ESE of Little Lake, CA"
2019-07-06T05:40:09.270Z,ci37227348,35.7281667,-117.5683333,6.83,3.13,ml,"15km NE of Ridgecrest, CA"
2019-07-06T05:40:16.280Z,ci37227356,35.8545,-117.6526667,11.52,3.26,ml,"24km WNW of Searles Valley, CA"
2019-07-06T05:41:32.240Z,ci38458503,35.7838333,-117.6041667,2.95,3.56,mlr,"18km W of Searles Valley, CA"
2019-07-06T05:41:36.030Z,ci37227372,35.5586667,-117.419,8.89,3.66,mlr,"23km S of Trona, CA"
2019-07-06T05:41:48.390Z,ci37227380,35.7771667,-117.5573333,10.9,3.78,mlr,"14km W of Searles Valley, CA"
2019-07-06T05:43:22.370Z,ci38458511,35.8946667,-117.714,3.1,3.34,ml,"18km ESE of Little Lake, CA"
2019-07-06T05:44:08.930Z,ci38458527,35.9228333,-117.7113333,3.43,3.44,ml,"18km E of Little Lake, CA"
2019-07-06T05:44:17.230Z,ci37227500,35.9003333,-117.6693333,9.09,3.35,ml,"22km E of Little Lake, CA"
2019-07-06T05:45:26.320Z,ci38458535,35.9261667,-117.7041667,2.75,3.08,ml,"18km E of Little Lake, CA"
2019-07-06T05:46:06.840Z,ci38458543,35.7085,-117.553,2.11,3.05,ml,"15km NE of Ridgecrest, CA"
2019-07-06T05:49:57.470Z,ci37227996,35.6391667,-117.4645,2.87,3.03,ml,"15km SSW of Searles Valley, CA"
2019-07-06T05:50:15.300Z,ci37228004,35.6308333,-117.4553333,8.83,3.02,ml,"16km SSW of Searles Valley, CA"
2019-07-06T05:51:49.700Z,ci38458567,35.9143333,-117.713,3.75,3.39,ml,"18km E of Little Lake, CA"
2019-07-06T05:52:05.350Z,ci38458575,35.6058333,-117.403,5.35,3.62,mlr,"18km S of Trona, CA"
2019-07-06T05:58:17.570Z,ci38458655,35.9323333,-117.6916667,1.86,4.15,mlr,"19km E of Little Lake, CA"
2019-07-06T05:58:45.840Z,ci38458647,35.8686667,-117.6751667,7.56,3.45,ml,"22km ESE of Little Lake, CA"
2019-07-06T05:59:44.190Z,ci38458663,35.7376667,-117.574,3.12,3.57,mlr,"16km WSW of Searles Valley, CA"
2019-07-06T06:00:57.770Z,ci38458671,35.5535,-117.3465,4.31,3.5,ml,"24km S of Trona, CA"
2019-07-06T06:01:46.390Z,ci37263996,35.6736667,-117.4801667,3.58,3.09,ml,"12km SSW of Searles Valley, CA"
2019-07-06T06:01:51.800Z,ci38458679,35.911,-117.7385,4.99,4.63,mw,"15km E of Little Lake, CA"
2019-07-06T06:02:30.250Z,ci37420885,35.8111667,-117.6366667,6.83,3.2,ml,"21km N of Ridgecrest, CA"
2019-07-06T06:03:48.180Z,ci37228292,35.8963333,-117.6798333,2.01,3.19,ml,"21km ESE of Little Lake, CA"
2019-07-06T06:04:34.100Z,ci38458687,35.8878333,-117.7073333,4.8,3.46,mlr,"19km ESE of Little Lake, CA"
2019-07-06T06:06:58.610Z,ci37228468,35.8336667,-117.6325,8.89,3.02,ml,"22km WNW of Searles Valley, CA"
2019-07-06T06:07:08.680Z,ci38458719,35.5771667,-117.3635,3.81,3.53,ml,"21km S of Trona, CA"
2019-07-06T06:07:40.070Z,ci37420965,35.6233333,-117.4208333,6.36,3.37,ml,"16km S of Searles Valley, CA"
2019-07-06T06:09:08.080Z,ci38458735,35.8971667,-117.7055,7.42,3.02,ml,"19km ESE of Little Lake, CA"
2019-07-06T06:12:52.000Z,ci38458759,35.5813333,-117.3751667,5.45,4.27,mlr,"20km S of Trona, CA"
2019-07-06T06:13:23.000Z,ci37264012,35.6165,-117.4611667,9.36,3.02,ml,"18km SSW of Searles Valley, CA"
2019-07-06T06:14:15.680Z,ci38458767,35.6731667,-117.4703333,7.25,3.33,ml,"12km SSW of Searles Valley, CA"
2019-07-06T06:16:01.130Z,ci38458783,35.8553333,-117.6815,4.56,3.21,ml,"22km ESE of Little Lake, CA"
2019-07-06T06:17:20.990Z,ci38458799,35.8795,-117.6891667,2.78,3.45,mlr,"21km ESE of Little Lake, CA"
2019-07-06T06:18:11.250Z,ci38458815,35.9191667,-117.684,8.98,3.55,ml,"20km E of Little Lake, CA"
2019-07-06T06:18:45.970Z,ci37228820,35.8198333,-117.6556667,2.19,3.45,ml,"22km N of Ridgecrest, CA"
2019-07-06T06:19:42.410Z,ci38458831,35.8841667,-117.7191667,4.42,3.14,ml,"18km ESE of Little Lake, CA"
2019-07-06T06:26:18.620Z,ci38458895,35.7095,-117.5095,4.8,3.06,ml,"12km SW of Searles Valley, CA"
2019-07-06T06:26:53.340Z,ci38458903,35.874,-117.7026667,5.68,3.42,ml,"20km ESE of Little Lake, CA"
2019-07-06T06:28:57.500Z,ci37229124,35.707,-117.5305,10.08,3.3,ml,"13km WSW of Searles Valley, CA"
2019-07-06T06:30:45.870Z,ci38458943,35.87,-117.6666667,6.94,3.31,ml,"23km ESE of Little Lake, CA"
2019-07-06T06:30:50.570Z,ci37229172,35.639,-117.439,5.03,3.13,ml,"15km SSW of Searles Valley, CA"
2019-07-06T06:31:00.730Z,ci38458951,35.8785,-117.6868333,4.3,3.72,mlr,"21km ESE of Little Lake, CA"
2019-07-06T06:31:09.270Z,ci37264124,35.896,-117.6541667,2.71,3.31,ml,"23km E of Little Lake, CA"
2019-07-06T06:31:55.320Z,ci38458967,35.8893333,-117.7226667,4.65,3.55,ml,"17km ESE of Little Lake, CA"
2019-07-06T06:32:07.830Z,ci37229188,35.843,-117.7211667,-1.14,3.09,ml,"20km ESE of Little Lake, CA"
2019-07-06T06:34:47.410Z,ci38458999,35.8926667,-117.7248333,8.17,4.05,mlr,"17km ESE of Little Lake, CA"
2019-07-06T06:35:33.690Z,ci37229324,35.8731667,-117.6965,7.98,3.09,ml,"20km ESE of Little Lake, CA"
2019-07-06T06:40:02.000Z,ci38459039,35.8958333,-117.7276667,4.47,3.03,ml,"17km ESE of Little Lake, CA"
2019-07-06T06:41:15.060Z,ci38459047,35.8041667,-117.6378333,7.51,3.9,mlr,"21km N of Ridgecrest, CA"
2019-07-06T06:47:08.020Z,ci38459127,35.7903333,-117.6193333,4.86,3.24,ml,"20km NNE of Ridgecrest, CA"
2019-07-06T06:47:10.840Z,ci38459135,35.8661667,-117.6466667,6.77,3.57,mlr,"24km WNW of Searles Valley, CA"
2019-07-06T06:49:28.910Z,ci38459167,35.9258333,-117.6945,3.45,3.32,ml,"19km E of Little Lake, CA"
2019-07-06T06:50:36.520Z,ci38459183,35.6871667,-117.4843333,6.93,3.39,ml,"12km SW of Searles Valley, CA"
2019-07-06T06:52:25.970Z,ci38459207,35.5601667,-117.3983333,3.76,3.77,mlr,"23km S of Trona, CA"
2019-07-06T06:53:09.890Z,ci38459215,35.6718333,-117.4946667,1.76,3.4,mlr,"13km SW of Searles Valley, CA"
2019-07-06T06:53:23.110Z,ci37231492,35.8908333,-117.7326667,4.29,3.11,ml,"16km ESE of Little Lake, CA"
2019-07-06T06:56:21.180Z,ci38459239,35.6866667,-117.4808333,8.33,3.25,ml,"11km SW of Searles Valley, CA"
2019-07-06T06:57:47.530Z,ci38459247,35.8626667,-117.7105,8.86,3.24,ml,"20km ESE of Little Lake, CA"
2019-07-06T06:59:59.430Z,ci38459279,35.6763333,-117.5486667,1.6,3.46,mlr,"13km ENE of Ridgecrest, CA"
2019-07-06T07:03:14.700Z,ci38459311,35.6568333,-117.5353333,9.18,3.46,mlr,"13km ENE of Ridgecrest, CA"
2019-07-06T07:04:22.230Z,ci38459319,35.7436667,-117.5585,3.47,3.01,ml,"14km W of Searles Valley, CA"
2019-07-06T07:04:42.040Z,ci38459327,35.89,-117.7315,4.8,3.88,mlr,"17km ESE of Little Lake, CA"
2019-07-06T07:05:21.030Z,ci38459335,35.8891667,-117.7306667,5.96,3.56,mlr,"17km ESE of Little Lake, CA"
2019-07-06T07:09:56.770Z,ci38459383,35.905,-117.7488333,6.22,3.22,ml,"15km ESE of Little Lake, CA"
2019-07-06T07:13:36.110Z,ci38459415,35.9456667,-117.7196667,2.44,3.09,ml,"17km E of Little Lake, CA"
2019-07-06T07:15:26.440Z,ci38459439,35.705,-117.5066667,9.02,3.34,ml,"12km SW of Searles Valley, CA"
2019-07-06T07:16:03.150Z,ci37233156,35.9243333,-117.748,2.33,3.75,mlr,"14km E of Little Lake, CA"
2019-07-06T07:24:31.110Z,ci37233956,35.7836667,-117.6113333,5.48,3.0,ml,"19km W of Searles Valley, CA"
2019-07-06T07:28:48.310Z,ci38459567,35.907,-117.6853333,2.11,3.02,ml,"20km E of Little Lake, CA"
2019-07-06T07:31:14.490Z,ci38459599,35.7043333,-117.505,2.01,3.62,mlr,"12km SW of Searles Valley, CA"
2019-07-06T07:34:55.450Z,ci38459647,35.9351667,-117.7121667,4.3,3.09,ml,"18km E of Little Lake, CA"
2019-07-06T07:34:59.650Z,ci37235380,35.7833333,-117.6123333,6.98,3.21,ml,"19km W of Searles Valley, CA"
2019-07-06T07:36:15.590Z,ci37235404,35.6301667,-117.4158333,6.95,3.1,ml,"15km SSW of Trona, CA"
2019-07-06T07:36:23.540Z,ci38459671,35.732,-117.5848333,8.49,3.44,ml,"15km NNE of Ridgecrest, CA"
2019-07-06T07:46:30.340Z,ci37235820,35.66,-117.479,2.17,3.33,ml,"14km SSW of Searles Valley, CA"
2019-07-06T07:49:00.000Z,ci38459831,35.603,-117.3996667,7.88,3.05,ml,"18km S of Trona, CA"
2019-07-06T07:50:01.980Z,ci38459839,35.7036667,-117.5571667,2.98,3.21,ml,"14km NE of Ridgecrest, CA"
2019-07-06T07:50:15.380Z,ci37235916,35.55,-117.383,2.85,3.43,ml,"24km S of Trona, CA"
2019-07-06T07:52:11.720Z,ci38459855,35.8033333,-117.6301667,2.92,3.24,ml,"21km NNE of Ridgecrest, CA"
2019-07-06T07:52:24.520Z,ci38459863,35.8848333,-117.729,5.54,3.73,mlr,"17km ESE of Little Lake, CA"
2019-07-06T07:54:46.580Z,ci38459887,35.7051667,-117.5576667,8.49,3.87,mlr,"14km NE of Ridgecrest, CA"
2019-07-06T07:56:03.660Z,ci38459895,35.6746667,-117.475,2.0,3.55,mlr,"12km SSW of Searles Valley, CA"
2019-07-06T08:01:00.680Z,ci38459943,35.6705,-117.501,1.31,3.24,ml,"14km SW of Searles Valley, CA"
2019-07-06T08:10:50.100Z,ci38460039,35.9135,-117.7191667,2.67,3.62,mw,"17km E of Little Lake, CA"
2019-07-06T08:26:51.080Z,ci38460223,35.5693333,-117.388,7.04,3.27,ml,"22km S of Trona, CA"
2019-07-06T08:26:52.560Z,ci37264140,35.8965,-117.7306667,4.98,3.53,ml,"16km ESE of Little Lake, CA"
2019-07-06T08:28:33.770Z,ci38460255,35.6318333,-117.4105,3.15,3.59,mlr,"15km S of Trona, CA"
2019-07-06T08:31:09.290Z,ci38460279,35.8936667,-117.7228333,4.24,3.23,ml,"17km ESE of Little Lake, CA"
2019-07-06T08:32:57.550Z,ci38460311,35.639,-117.4913333,3.14,4.56,mw,"16km SSW of Searles Valley, CA"
2019-07-06T08:36:48.870Z,ci38460335,35.6788333,-117.493,1.38,3.07,ml,"13km SW of Searles Valley, CA"
2019-07-06T08:39:42.830Z,ci38460375,35.922,-117.7103333,2.78,3.09,ml,"18km E of Little Lake, CA"
2019-07-06T08:39:55.090Z,ci37489525,35.8143333,-117.6406667,4.07,3.32,ml,"22km N of Ridgecrest, CA"
2019-07-06T08:41:33.040Z,ci38460415,35.7016667,-117.5096667,2.55,3.35,ml,"12km SW of Searles Valley, CA"
2019-07-06T08:41:59.620Z,ci37264148,35.905,-117.7355,3.38,3.13,ml,"16km ESE of Little Lake, CA"
2019-07-06T08:46:32.430Z,ci38460471,35.677,-117.5856667,9.19,3.27,ml,"10km NE of Ridgecrest, CA"
2019-07-06T08:59:09.290Z,ci38460623,35.8635,-117.6716667,3.87,3.29,ml,"23km ESE of Little Lake, CA"
2019-07-06T08:59:55.720Z,ci38460631,35.6021667,-117.3878333,6.72,3.6,mlr,"18km S of Trona, CA"
2019-07-06T08:59:57.510Z,ci38460639,35.5498333,-117.3855,3.71,3.96,mw,"24km S of Trona, CA"
2019-07-06T09:02:22.210Z,ci38460655,35.5678333,-117.3676667,5.26,3.05,ml,"22km S of Trona, CA"
2019-07-06T09:05:25.910Z,ci38460719,35.8211667,-117.6345,3.24,3.21,ml,"22km WNW of Searles Valley, CA"
2019-07-06T09:06:21.730Z,ci38460727,35.6735,-117.4728333,3.08,3.37,ml,"12km SSW of Searles Valley, CA"
2019-07-06T09:08:03.220Z,ci38460743,35.8815,-117.7231667,3.49,3.44,ml,"18km ESE of Little Lake, CA"
2019-07-06T09:20:59.260Z,ci38460887,35.8748333,-117.7216667,7.75,3.06,ml,"18km ESE of Little Lake, CA"
2019-07-06T09:21:22.990Z,ci38460895,35.7483333,-117.569,4.35,3.17,ml,"15km W of Searles Valley, CA"
2019-07-06T09:23:41.570Z,ci38460911,36.063,-117.8526667,1.86,3.25,ml,"9km ENE of Coso Junction, CA"
2019-07-06T09:24:23.070Z,ci38460927,35.8015,-117.641,1.2,3.59,mw,"20km N of Ridgecrest, CA"
2019-07-06T09:27:08.460Z,ci38460951,35.6183333,-117.5836667,10.78,3.51,ml,"8km E of Ridgecrest, CA"
2019-07-06T09:28:28.980Z,ci38460967,35.898,-117.7271667,3.95,4.89,mw,"17km ESE of Little Lake, CA"
2019-07-06T09:28:41.790Z,ci37258076,35.887,-117.7168333,4.78,4.24,mlr,"18km ESE of Little Lake, CA"
2019-07-06T09:28:59.630Z,ci37264180,35.9011667,-117.7291667,4.46,3.48,ml,"16km ESE of Little Lake, CA"
2019-07-06T09:29:09.300Z,ci37264188,35.9226667,-117.7288333,2.38,3.38,ml,"16km E of Little Lake, CA"
2019-07-06T09:29:20.970Z,ci38460975,35.8811667,-117.7175,5.5,4.41,mlr,"18km ESE of Little Lake, CA"
2019-07-06T09:29:44.490Z,ci37264196,35.8881667,-117.7153333,4.09,3.39,ml,"18km ESE of Little Lake, CA"
2019-07-06T09:29:59.500Z,ci37264204,35.7443333,-117.5895,10.83,3.47,ml,"16km NNE of Ridgecrest, CA"
2019-07-06T09:30:41.240Z,ci38460983,35.9098333,-117.7323333,4.15,4.49,mw,"16km E of Little Lake, CA"
2019-07-06T09:30:57.620Z,ci37264284,35.9,-117.7255,4.17,3.45,mlr,"17km ESE of Little Lake, CA"
2019-07-06T09:31:19.000Z,ci37264292,35.9563333,-117.6798333,2.25,3.32,ml,"20km E of Little Lake, CA"
2019-07-06T09:31:32.070Z,ci37264300,35.897,-117.7225,5.59,3.08,ml,"17km ESE of Little Lake, CA"
2019-07-06T09:33:25.010Z,ci38460991,35.875,-117.7206667,8.05,3.2,ml,"18km ESE of Little Lake, CA"
2019-07-06T09:33:59.740Z,ci38460999,35.8953333,-117.7235,4.91,3.6,mlr,"17km ESE of Little Lake, CA"
2019-07-06T09:34:27.830Z,ci38461007,35.8871667,-117.7133333,7.69,3.51,mlr,"18km ESE of Little Lake, CA"
2019-07-06T09:36:39.360Z,ci38461023,35.8736667,-117.7036667,7.87,3.15,ml,"20km ESE of Little Lake, CA"
2019-07-06T09:46:39.930Z,ci38461127,35.8015,-117.6278333,2.81,3.39,ml,"20km NNE of Ridgecrest, CA"
2019-07-06T09:48:29.810Z,ci38461151,35.8805,-117.713,4.24,3.39,ml,"18km ESE of Little Lake, CA"
2019-07-06T09:49:33.290Z,ci38461159,35.894,-117.7208333,7.52,3.22,ml,"17km ESE of Little Lake, CA"
2019-07-06T09:50:43.220Z,ci38461183,35.7106667,-117.578,8.88,3.06,ml,"13km NE of Ridgecrest, CA"
2019-07-06T09:57:34.960Z,ci38461295,35.9531667,-117.7016667,5.38,3.08,ml,"18km E of Little Lake, CA"
2019-07-06T09:57:51.490Z,ci37400764,35.8713333,-117.6843333,4.82,3.07,ml,"21km ESE of Little Lake, CA"
2019-07-06T09:59:26.600Z,ci38461311,35.883,-117.7105,7.28,3.75,mw,"19km ESE of Little Lake, CA"
2019-07-06T09:59:56.230Z,ci37400772,35.9526667,-117.7006667,5.12,3.21,ml,"19km E of Little Lake, CA"
2019-07-06T10:00:00.350Z,ci37264308,35.7871667,-117.6373333,8.88,3.48,ml,"19km N of Ridgecrest, CA"
2019-07-06T10:02:24.360Z,ci38461327,35.6905,-117.5305,8.41,3.04,ml,"14km SW of Searles Valley, CA"
2019-07-06T10:02:37.020Z,ci38461335,35.727,-117.5918333,10.79,3.18,ml,"14km NNE of Ridgecrest, CA"
2019-07-06T10:05:20.150Z,ci38461383,35.6763333,-117.5388333,4.83,3.0,ml,"14km ENE of Ridgecrest, CA"
2019-07-06T10:05:32.610Z,ci38461391,35.9036667,-117.7263333,3.94,3.41,ml,"17km ESE of Little Lake, CA"
2019-07-06T10:08:02.530Z,ci38461423,35.8638333,-117.6866667,9.8,3.26,ml,"21km ESE of Little Lake, CA"
2019-07-06T10:08:26.830Z,ci38461431,35.7856667,-117.6133333,10.33,3.04,ml,"19km W of Searles Valley, CA"
2019-07-06T10:09:18.110Z,ci38461447,35.5755,-117.5176667,10.36,3.52,ml,"15km ESE of Ridgecrest, CA"
2019-07-06T10:25:07.050Z,ci38461599,35.8905,-117.6933333,3.48,3.3,ml,"20km ESE of Little Lake, CA"
2019-07-06T10:25:23.910Z,ci38461607,35.8978333,-117.7268333,5.14,3.12,ml,"17km ESE of Little Lake, CA"
2019-07-06T10:27:59.460Z,ci38461631,35.6878333,-117.5496667,10.3,3.16,ml,"14km ENE of Ridgecrest, CA"
2019-07-06T10:28:43.030Z,ci38461639,35.9043333,-117.7276667,5.66,3.08,ml,"16km ESE of Little Lake, CA"
2019-07-06T10:31:43.930Z,ci38461655,35.6486667,-117.4546667,3.97,3.51,mlr,"14km SSW of Searles Valley, CA"
2019-07-06T10:35:18.060Z,ci38461703,35.5603333,-117.3548333,9.04,3.36,ml,"23km S of Trona, CA"
2019-07-06T10:37:09.160Z,ci38461727,35.8826667,-117.6966667,4.43,3.09,ml,"20km ESE of Little Lake, CA"
2019-07-06T10:37:27.560Z,ci38461735,35.5745,-117.3528333,2.85,3.82,mw,"21km S of Trona, CA"
2019-07-06T10:40:24.700Z,ci38461775,35.6713333,-117.5503333,1.68,3.45,ml,"13km ENE of Ridgecrest, CA"
2019-07-06T10:41:26.280Z,ci38461783,35.8855,-117.6971667,7.96,3.07,ml,"20km ESE of Little Lake, CA"
2019-07-06T10:41:32.400Z,ci37489469,35.9888333,-117.7115,6.11,3.09,ml,"18km ENE of Little Lake, CA"
2019-07-06T10:48:24.460Z,ci38461879,35.5785,-117.372,5.6,4.04,mw,"21km S of Trona, CA"
2019-07-06T10:48:35.460Z,ci37264316,35.8883333,-117.7326667,6.08,3.24,ml,"17km ESE of Little Lake, CA"
2019-07-06T10:49:48.630Z,ci38461887,35.9235,-117.7071667,2.85,3.28,ml,"18km E of Little Lake, CA"
2019-07-06T10:50:46.520Z,ci38461903,35.8651667,-117.7091667,8.61,3.47,ml,"20km ESE of Little Lake, CA"
2019-07-06T10:59:24.310Z,ci38461991,35.8196667,-117.629,9.81,3.19,ml,"21km WNW of Searles Valley, CA"
2019-07-06T11:06:43.350Z,ci38462063,35.7948333,-117.621,4.82,3.84,mw,"20km W of Searles Valley, CA"
2019-07-06T11:11:42.210Z,ci38462111,35.907,-117.7326667,4.39,3.0,ml,"16km ESE of Little Lake, CA"
2019-07-06T11:15:20.710Z,ci38462175,35.646,-117.4656667,-0.13,3.68,mw,"15km SSW of Searles Valley, CA"
2019-07-06T11:31:09.930Z,ci38462351,35.9271667,-117.7018333,2.4,3.17,ml,"18km E of Little Lake, CA"
2019-07-06T11:45:11.440Z,ci38462559,35.8353333,-117.6676667,4.77,3.41,ml,"24km N of Ridgecrest, CA"
2019-07-06T11:51:08.210Z,ci37264324,35.57,-117.3425,2.55,3.07,ml,"22km S of Trona, CA"
2019-07-06T11:53:08.090Z,ci38462679,35.8953333,-117.7336667,2.1,4.12,mw,"16km ESE of Little Lake, CA"
2019-07-06T11:54:54.030Z,ci38462687,35.8968333,-117.7368333,2.14,3.21,ml,"16km ESE of Little Lake, CA"
2019-07-06T12:05:00.770Z,ci38462839,35.824,-117.6605,6.32,3.57,mlr,"23km N of Ridgecrest, CA"
2019-07-06T12:05:21.290Z,ci38462847,35.789,-117.6286667,8.33,3.34,ml,"19km NNE of Ridgecrest, CA"
2019-07-06T12:12:35.820Z,ci38462927,35.7776667,-117.5968333,8.0,3.03,ml,"17km W of Searles Valley, CA"
2019-07-06T12:20:59.050Z,ci38463007,35.7578333,-117.5798333,8.32,3.49,mlr,"16km W of Searles Valley, CA"
2019-07-06T12:29:19.810Z,ci38463087,35.8155,-117.5918333,9.3,3.4,ml,"18km WNW of Searles Valley, CA"
2019-07-06T12:36:30.300Z,ci38463159,35.6201667,-117.4366667,8.56,3.04,ml,"17km S of Searles Valley, CA"
2019-07-06T12:40:45.760Z,ci38463223,35.903,-117.6565,9.64,3.24,ml,"23km E of Little Lake, CA"
2019-07-06T12:40:48.320Z,ci37264348,35.9401667,-117.3088333,11.01,3.24,ml,"21km NNE of Trona, CA"
2019-07-06T12:48:42.880Z,ci38463359,35.857,-117.6718333,8.53,3.09,ml,"23km ESE of Little Lake, CA"
2019-07-06T12:49:39.110Z,ci38463375,35.6048333,-117.4011667,7.12,3.12,ml,"18km S of Trona, CA"
2019-07-06T12:55:24.800Z,ci38463439,35.9005,-117.7303333,4.38,3.07,ml,"16km ESE of Little Lake, CA"
2019-07-06T13:06:55.260Z,ci38463551,35.9283333,-117.705,2.37,4.5,mw,"18km E of Little Lake, CA"
2019-07-06T13:07:13.840Z,ci37264364,35.921,-117.7083333,4.91,3.3,ml,"18km E of Little Lake, CA"
2019-07-06T13:16:57.730Z,ci38463631,35.6518333,-117.519,10.16,3.07,ml,"15km ENE of Ridgecrest, CA"
2019-07-06T13:32:59.500Z,ci38463791,35.6761667,-117.4873333,1.6,3.65,mw,"13km SW of Searles Valley, CA"
2019-07-06T13:34:46.310Z,ci38463807,35.903,-117.6925,2.53,3.17,ml,"20km E of Little Lake, CA"
2019-07-06T13:36:26.800Z,ci38463831,35.8641667,-117.6863333,7.86,3.36,ml,"21km ESE of Little Lake, CA"
2019-07-06T13:41:42.730Z,ci38463903,35.5895,-117.4235,6.78,3.17,ml,"20km SSW of Trona, CA"
2019-07-06T13:43:18.740Z,ci38463911,35.6163333,-117.4755,8.8,3.64,mw,"18km SSW of Searles Valley, CA"
2019-07-06T13:43:49.660Z,ci37264444,35.919,-117.7171667,0.52,3.37,ml,"17km E of Little Lake, CA"
2019-07-06T13:55:51.090Z,ci38464047,35.868,-117.705,7.89,3.54,mw,"20km ESE of Little Lake, CA"
2019-07-06T14:30:07.580Z,ci38464383,35.8175,-117.6338333,9.3,3.16,ml,"22km WNW of Searles Valley, CA"
2019-07-06T14:33:30.510Z,ci38464447,35.6333333,-117.427,2.85,3.14,ml,"15km S of Searles Valley, CA"
2019-07-06T15:07:05.970Z,ci38464775,35.6691667,-117.5175,7.69,3.28,ml,"15km SW of Searles Valley, CA"
2019-07-06T15:09:15.230Z,ci38464799,35.8831667,-117.7236667,4.31,3.28,ml,"18km ESE of Little Lake, CA"
2019-07-06T15:10:49.810Z,ci37483669,35.5545,-117.396,4.59,3.19,ml,"23km S of Trona, CA"
2019-07-06T15:12:01.450Z,ci38464839,35.652,-117.5626667,4.38,3.08,ml,"11km ENE of Ridgecrest, CA"
2019-07-06T15:22:26.670Z,ci38464927,35.9043333,-117.737,2.77,3.38,ml,"16km ESE of Little Lake, CA"
2019-07-06T15:23:28.500Z,ci38464943,35.8475,-117.667,9.0,3.26,ml,"24km ESE of Little Lake, CA"
2019-07-06T15:30:49.900Z,ci38465063,35.6941667,-117.5551667,10.08,3.31,ml,"14km NE of Ridgecrest, CA"
2019-07-06T15:32:43.690Z,ci38465087,35.8791667,-117.7043333,2.96,3.18,ml,"19km ESE of Little Lake, CA"
2019-07-06T15:45:46.040Z,ci38465239,36.0993333,-117.827,2.51,3.58,mw,"12km ENE of Coso Junction, CA"
2019-07-06T15:59:29.290Z,ci38465351,35.877,-117.6976667,2.33,3.55,ml,"20km ESE of Little Lake, CA"
2019-07-06T16:01:08.210Z,ci38465367,35.5945,-117.3941667,4.98,3.41,ml,"19km S of Trona, CA"
2019-07-06T16:07:25.570Z,ci38465415,35.6861667,-117.545,2.12,3.49,ml,"14km ENE of Ridgecrest, CA"
2019-07-06T16:10:10.260Z,ci38465439,36.078,-117.843,1.67,3.2,ml,"10km ENE of Coso Junction, CA"
2019-07-06T16:12:25.170Z,ci38465447,35.6103333,-117.4135,3.3,3.18,ml,"17km S of Trona, CA"
2019-07-06T16:31:50.710Z,ci38465647,35.6771667,-117.5325,8.41,3.05,ml,"14km ENE of Ridgecrest, CA"
2019-07-06T16:36:05.820Z,ci38465703,35.5705,-117.523,10.05,4.14,mw,"15km ESE of Ridgecrest, CA"
2019-07-06T16:38:01.320Z,ci38465711,35.5951667,-117.3768333,5.26,3.37,ml,"19km S of Trona, CA"
2019-07-06T16:40:46.160Z,ci38465735,36.1183333,-117.877,5.14,3.07,ml,"10km NE of Coso Junction, CA"
2019-07-06T16:42:05.120Z,ci38465759,35.879,-117.7121667,4.55,3.51,ml,"19km ESE of Little Lake, CA"
2019-07-06T17:09:01.450Z,ci38466023,35.9623333,-117.2748333,3.84,3.32,ml,"24km NNE of Trona, CA"
2019-07-06T17:14:17.330Z,ci38466063,35.6365,-117.434,2.72,3.07,ml,"15km S of Searles Valley, CA"
2019-07-06T17:18:21.440Z,ci38466103,35.569,-117.3585,3.57,3.14,ml,"22km S of Trona, CA"
2019-07-06T17:31:22.170Z,ci38466247,35.7808333,-117.6173333,8.58,3.0,ml,"19km NNE of Ridgecrest, CA"
2019-07-06T17:41:33.190Z,ci38466343,35.8716667,-117.7168333,7.74,3.98,mw,"19km ESE of Little Lake, CA"
2019-07-06T17:59:14.790Z,ci38466495,35.9021667,-117.7295,4.27,3.96,mw,"16km ESE of Little Lake, CA"
2019-07-06T18:13:16.110Z,ci38466583,35.9175,-117.7118333,2.57,3.33,ml,"18km E of Little Lake, CA"
2019-07-06T18:19:39.620Z,ci38466623,35.448,-117.3256667,4.54,3.55,ml,"29km ENE of Johannesburg, CA"
2019-07-06T18:23:08.690Z,ci38466655,35.5983333,-117.3966667,3.68,3.11,ml,"18km S of Trona, CA"
2019-07-06T18:30:39.760Z,ci38466711,35.7196667,-117.5611667,8.82,3.32,ml,"15km NE of Ridgecrest, CA"
2019-07-06T18:36:49.990Z,ci38466775,35.907,-117.7383333,2.87,3.72,mw,"16km ESE of Little Lake, CA"
2019-07-06T18:46:26.040Z,ci38466847,35.6541667,-117.4648333,1.9,3.87,mw,"14km SSW of Searles Valley, CA"
2019-07-06T18:47:47.400Z,ci38466855,35.7176667,-117.5656667,7.12,3.37,ml,"15km NE of Ridgecrest, CA"
2019-07-06T18:56:39.130Z,ci38466959,35.6325,-117.5751667,10.76,3.33,ml,"9km E of Ridgecrest, CA"
2019-07-06T18:58:59.240Z,ci38466983,35.8983333,-117.6726667,4.28,3.1,ml,"22km ESE of Little Lake, CA"
2019-07-06T18:59:41.540Z,ci38466991,35.5673333,-117.4043333,7.88,3.08,ml,"22km S of Trona, CA"
2019-07-06T19:37:33.160Z,ci38467303,35.9021667,-117.6785,3.04,3.07,ml,"21km E of Little Lake, CA"
2019-07-06T19:46:23.750Z,ci38467359,35.8921667,-117.7261667,3.51,3.3,ml,"17km ESE of Little Lake, CA"
2019-07-06T19:49:04.530Z,ci38467391,35.8618333,-117.6858333,7.91,3.45,mlr,"22km ESE of Little Lake, CA"
2019-07-06T19:54:29.800Z,ci38467423,35.8978333,-117.7258333,6.1,3.23,ml,"17km ESE of Little Lake, CA"
2019-07-06T20:22:34.030Z,ci38467671,35.8121667,-117.6338333,8.52,3.07,ml,"21km WNW of Searles Valley, CA"
2019-07-06T20:41:30.750Z,ci38467815,35.692,-117.5133333,2.71,3.51,ml,"13km SW of Searles Valley, CA"
2019-07-06T21:05:24.590Z,ci38468007,35.7206667,-117.6026667,10.82,3.51,ml,"13km NNE of Ridgecrest, CA"
2019-07-06T21:07:44.780Z,ci38468023,35.961,-117.2755,2.8,3.19,ml,"24km NNE of Trona, CA"
2019-07-06T21:14:59.790Z,ci38468063,35.8981667,-117.6731667,2.68,3.17,ml,"22km ESE of Little Lake, CA"
2019-07-06T21:28:41.920Z,ci38468151,35.8951667,-117.6803333,2.4,3.02,ml,"21km ESE of Little Lake, CA"
2019-07-06T21:41:25.350Z,ci38468247,35.696,-117.4863333,10.59,3.24,ml,"11km SW of Searles Valley, CA"
2019-07-06T22:04:09.580Z,ci38468407,35.6295,-117.4601667,2.47,3.03,ml,"16km SSW of Searles Valley, CA"
2019-07-06T22:51:35.910Z,ci38468767,35.6346667,-117.4561667,6.33,3.16,ml,"16km SSW of Searles Valley, CA"
2019-07-06T23:21:34.140Z,ci38469079,35.7003333,-117.5083333,9.09,3.71,mw,"12km SW of Searles Valley, CA"
2019-07-06T23:26:22.290Z,ci38469119,35.7775,-117.5915,3.86,3.29,ml,"17km W of Searles Valley, CA"
2019-07-06T23:34:09.820Z,ci38469215,35.8738333,-117.6656667,6.42,3.45,ml,"23km ESE of Little Lake, CA"
2019-07-06T23:38:32.860Z,ci38469271,36.0283333,-117.8473333,2.71,3.31,ml,"9km ESE of Coso Junction, CA"
2019-07-06T23:50:41.990Z,ci38469375,35.8235,-117.663,6.51,4.5,mw,"23km N of Ridgecrest, CA"
2019-07-06T23:56:34.560Z,ci38469415,35.8223333,-117.661,6.32,3.48,mlr,"22km N of Ridgecrest, CA"
2019-07-07T00:41:52.120Z,ci38469775,35.8283333,-117.6686667,5.01,3.47,mw,"23km N of Ridgecrest, CA"
2019-07-07T00:53:51.210Z,ci38469903,35.6505,-117.4513333,10.76,3.08,ml,"14km SSW of Searles Valley, CA"
2019-07-07T01:05:07.130Z,ci38469967,35.6695,-117.516,5.05,3.55,ml,"15km SW of Searles Valley, CA"
2019-07-07T01:23:55.590Z,ci38470119,35.9128333,-117.7343333,2.92,3.27,ml,"16km E of Little Lake, CA"
2019-07-07T01:30:52.470Z,ci38470159,35.689,-117.536,6.88,3.29,ml,"15km ENE of Ridgecrest, CA"
2019-07-07T02:06:04.700Z,ci38470415,35.7601667,-117.5621667,10.75,3.6,mw,"14km W of Searles Valley, CA"
2019-07-07T02:10:48.820Z,ci38470439,35.5993333,-117.4043333,7.31,3.48,ml,"18km S of Trona, CA"
2019-07-07T02:17:01.710Z,ci38470471,35.6035,-117.4668333,2.83,3.64,mw,"19km E of Ridgecrest, CA"
2019-07-07T02:59:17.550Z,ci38470887,35.8056667,-117.6345,6.09,3.37,ml,"21km N of Ridgecrest, CA"
2019-07-07T03:13:12.460Z,ci38470999,35.749,-117.5956667,10.05,3.62,mw,"16km NNE of Ridgecrest, CA"
2019-07-07T03:23:26.660Z,ci38471103,35.8723333,-117.7165,7.66,3.3,ml,"19km ESE of Little Lake, CA"
2019-07-07T03:50:55.980Z,ci37264612,35.8488333,-117.6975,7.34,3.12,ml,"21km ESE of Little Lake, CA"
2019-07-07T04:26:57.560Z,ci38471687,35.5816667,-117.6151667,10.83,3.32,ml,"7km SE of Ridgecrest, CA"
2019-07-07T04:56:31.290Z,ci38471927,35.6941667,-117.5271667,7.49,3.05,ml,"14km SW of Searles Valley, CA"
2019-07-07T05:38:15.480Z,ci38472279,35.7683333,-117.5781667,10.45,4.53,mw,"16km W of Searles Valley, CA"
2019-07-07T06:07:06.460Z,ci38472463,35.6661667,-117.524,9.04,3.5,mlr,"15km ENE of Ridgecrest, CA"
2019-07-07T06:57:27.880Z,ci38472895,35.645,-117.4546667,2.98,3.43,ml,"14km SSW of Searles Valley, CA"
2019-07-07T07:09:38.840Z,ci38473039,35.6165,-117.4385,3.27,3.6,mlr,"17km S of Searles Valley, CA"
2019-07-07T07:13:02.660Z,ci38473063,35.9121667,-117.706,2.53,3.17,ml,"18km E of Little Lake, CA"
2019-07-07T07:19:14.380Z,ci38473119,35.7806667,-117.6438333,9.54,3.37,mw,"18km N of Ridgecrest, CA"
2019-07-07T07:20:26.120Z,ci38473135,35.6915,-117.5393333,9.6,3.45,ml,"15km ENE of Ridgecrest, CA"
2019-07-07T07:31:06.530Z,ci38473223,35.8241667,-117.6436667,9.15,3.11,ml,"22km WNW of Searles Valley, CA"
2019-07-07T08:03:25.610Z,ci38473511,36.086,-117.8508333,1.24,3.68,mw,"10km ENE of Coso Junction, CA"
2019-07-07T08:38:27.500Z,ci38473831,35.555,-117.3843333,1.03,3.33,ml,"23km S of Trona, CA"
2019-07-07T08:54:18.630Z,ci38473967,35.9188333,-117.722,3.03,3.1,ml,"17km E of Little Lake, CA"
2019-07-07T08:56:40.130Z,ci38473983,35.6805,-117.4931667,1.31,3.38,ml,"13km SW of Searles Valley, CA"
2019-07-07T09:09:25.030Z,ci38474119,35.6718333,-117.5221667,9.4,3.11,ml,"15km ENE of Ridgecrest, CA"
2019-07-07T09:10:01.710Z,ci38474127,35.9311667,-117.7033333,2.57,3.5,mw,"18km E of Little Lake, CA"
2019-07-07T09:41:23.000Z,ci38474415,35.7493333,-117.55,11.08,3.45,mw,"13km W of Searles Valley, CA"
2019-07-07T10:02:27.590Z,ci38474639,35.7193333,-117.4961667,3.74,3.32,ml,"10km WSW of Searles Valley, CA"
2019-07-07T10:06:12.980Z,ci38474687,35.9141667,-117.7366667,2.23,3.47,mw,"16km E of Little Lake, CA"
2019-07-07T10:21:27.220Z,ci38474855,35.658,-117.4678333,7.64,3.48,mlr,"14km SSW of Searles Valley, CA"
2019-07-07T10:32:54.640Z,ci38474959,35.7951667,-117.622,6.59,3.39,ml,"20km W of Searles Valley, CA"
2019-07-07T10:37:45.720Z,ci38475007,35.7578333,-117.5943333,3.6,3.24,ml,"17km NNE of Ridgecrest, CA"
2019-07-07T11:22:16.240Z,ci38475431,35.8056667,-117.594,10.06,4.16,mw,"18km WNW of Searles Valley, CA"
2019-07-07T11:33:50.220Z,ci38475511,35.5668333,-117.3513333,3.15,3.49,mw,"22km S of Trona, CA"
2019-07-07T11:41:04.190Z,ci38475551,35.9166667,-117.7108333,1.96,3.2,ml,"18km E of Little Lake, CA"
2019-07-07T12:39:48.530Z,ci38475967,35.6448333,-117.4835,3.62,3.44,ml,"15km SSW of Searles Valley, CA"
2019-07-07T13:23:52.310Z,ci38476279,35.895,-117.6926667,7.0,3.19,ml,"20km ESE of Little Lake, CA"
2019-07-07T14:21:34.990Z,ci38476671,35.6456667,-117.4211667,4.7,3.33,ml,"14km S of Searles Valley, CA"
2019-07-07T14:28:18.780Z,ci38476711,35.6583333,-117.5846667,9.78,3.04,ml,"9km ENE of Ridgecrest, CA"
2019-07-07T14:46:40.570Z,ci38476855,35.9136667,-117.7108333,2.37,3.6,mw,"18km E of Little Lake, CA"
2019-07-07T15:48:11.730Z,ci38477303,35.8225,-117.6583333,6.67,3.56,ml,"22km N of Ridgecrest, CA"
2019-07-07T15:49:15.080Z,ci38477319,35.87,-117.7021667,4.21,3.15,ml,"20km ESE of Little Lake, CA"
2019-07-07T16:08:00.630Z,ci38477415,35.6698333,-117.5256667,4.79,3.05,ml,"15km ENE of Ridgecrest, CA"
2019-07-07T16:40:41.590Z,ci37485653,35.8945,-117.6971667,6.79,3.06,ml,"19 km ESE of Little Lake, CA"
2019-07-07T18:05:57.760Z,ci38478335,35.9291667,-117.7158333,2.07,3.07,ml,"17km E of Little Lake, CA"
2019-07-07T18:19:19.940Z,ci38478423,35.8883333,-117.7325,5.2,3.1,ml,"17km ESE of Little Lake, CA"
2019-07-07T18:50:02.290Z,ci38478703,35.5976667,-117.4283333,6.07,3.59,mw,"19km S of Searles Valley, CA"
2019-07-07T19:00:51.300Z,ci38478823,35.6546667,-117.4721667,3.2,3.35,ml,"14km SSW of Searles Valley, CA"
2019-07-07T19:37:10.170Z,ci38479143,35.656,-117.5243333,10.94,3.14,ml,"14km ENE of Ridgecrest, CA"
2019-07-07T19:48:36.830Z,ci38479239,35.9386667,-117.6995,2.38,3.03,ml,"19km E of Little Lake, CA"
2019-07-07T20:46:41.090Z,ci38479783,35.8136667,-117.5946667,9.7,3.13,ml,"18km WNW of Searles Valley, CA"
2019-07-07T21:02:51.730Z,ci38479903,35.777,-117.6046667,9.13,3.47,ml,"18km W of Searles Valley, CA"
2019-07-07T21:15:29.660Z,ci38479967,35.9458333,-117.6898333,2.42,3.79,mw,"20km E of Little Lake, CA"
2019-07-07T22:33:21.390Z,ci38480447,35.683,-117.529,1.46,3.52,ml,"15km SW of Searles Valley, CA"
2019-07-07T22:52:52.840Z,ci38480559,35.6405,-117.5536667,7.09,3.38,ml,"11km E of Ridgecrest, CA"
2019-07-07T23:02:24.490Z,ci38480631,35.5456667,-117.414,4.93,3.13,ml,"24km S of Trona, CA"
2019-07-07T23:36:56.940Z,ci38480919,35.8303333,-117.6685,4.97,3.93,mw,"23km N of Ridgecrest, CA"
2019-07-07T23:44:57.550Z,ci38480967,35.559,-117.3853333,9.93,3.45,mlr,"23km S of Trona, CA"
2019-07-07T23:45:25.550Z,ci38480975,35.6761667,-117.4888333,3.01,3.4,ml,"13km SW of Searles Valley, CA"
2019-07-08T00:13:25.810Z,ci38481167,35.83,-117.6643333,5.8,3.12,ml,"23km N of Ridgecrest, CA"
2019-07-08T01:36:58.300Z,ci38481735,36.1135,-117.8813333,4.97,3.76,mw,"10km NE of Coso Junction, CA"
2019-07-08T01:37:07.910Z,ci37264764,35.9045,-117.6978333,9.08,3.5,ml,"19km E of Little Lake, CA"
2019-07-08T03:12:26.590Z,ci38482375,35.6655,-117.5043333,8.31,3.07,ml,"14km SW of Searles Valley, CA"
2019-07-08T04:03:07.840Z,ci38482775,35.611,-117.3876667,3.34,3.15,ml,"17km S of Trona, CA"
2019-07-08T05:02:10.410Z,ci38483215,35.8738333,-117.72,8.05,3.02,ml,"18km ESE of Little Lake, CA"
2019-07-08T05:15:02.730Z,ci38483327,35.677,-117.5441667,4.95,3.22,ml,"13km ENE of Ridgecrest, CA"
2019-07-08T05:24:16.810Z,ci38483383,35.9476667,-117.722,2.75,3.3,ml,"17km E of Little Lake, CA"
2019-07-08T05:54:05.090Z,ci38483591,35.8751667,-117.7095,8.52,3.49,ml,"19km ESE of Little Lake, CA"
2019-07-08T06:18:08.550Z,ci38483743,35.9596667,-117.278,3.35,3.15,ml,"24km NNE of Trona, CA"
2019-07-08T06:45:16.580Z,ci38483983,35.73,-117.5671667,7.37,3.1,ml,"15km WSW of Searles Valley, CA"
2019-07-08T07:18:34.580Z,ci38484231,35.5498333,-117.377,2.6,3.56,ml,"24km S of Trona, CA"
2019-07-08T07:31:58.400Z,ci38484311,36.1566667,-117.8738333,2.63,3.55,ml,"14km NNE of Coso Junction, CA"
2019-07-08T08:20:02.410Z,ci38484631,36.1208333,-117.8575,3.71,3.9,mw,"12km NE of Coso Junction, CA"
2019-07-08T09:57:10.970Z,ci38485391,35.6541667,-117.4618333,9.65,3.5,mw,"14km SSW of Searles Valley, CA"
2019-07-08T11:23:22.590Z,ci38486063,35.9073333,-117.7075,4.96,3.16,ml,"18km E of Little Lake, CA"
2019-07-08T12:14:57.890Z,ci38486591,35.626,-117.4373333,9.99,3.47,mlr,"16km S of Searles Valley, CA"
2019-07-08T12:21:28.510Z,ci38486639,35.6691667,-117.525,8.59,3.18,ml,"15km ENE of Ridgecrest, CA"
2019-07-08T12:42:38.170Z,ci38486831,35.7151667,-117.57,6.51,3.1,ml,"14km NE of Ridgecrest, CA"
2019-07-08T13:58:19.180Z,ci38487519,35.5593333,-117.3916667,2.41,3.15,ml,"23km S of Trona, CA"
2019-07-08T14:31:01.380Z,ci38487839,35.6588333,-117.4868333,5.09,3.26,ml,"14km SSW of Searles Valley, CA"
2019-07-08T16:04:28.280Z,ci38488719,35.678,-117.5103333,4.3,3.83,mw,"14km SW of Searles Valley, CA"
2019-07-08T16:09:57.580Z,ci38488767,35.6231667,-117.4311667,2.84,3.48,ml,"16km S of Searles Valley, CA"
2019-07-08T16:31:08.670Z,ci38488975,35.7418333,-117.5641667,9.35,3.03,ml,"15km W of Searles Valley, CA"
2019-07-08T17:50:01.470Z,ci38489727,35.6671667,-117.5003333,2.43,3.52,mw,"14km SW of Searles Valley, CA"
2019-07-08T17:53:47.170Z,ci38489751,35.555,-117.3123333,7.7,3.81,mw,"24km SSE of Trona, CA"
2019-07-08T18:03:54.630Z,ci38489847,35.7398333,-117.5641667,3.82,3.02,ml,"15km WSW of Searles Valley, CA"
2019-07-08T18:10:19.710Z,ci38489903,35.6715,-117.494,2.62,3.23,ml,"13km SW of Searles Valley, CA"
2019-07-08T22:18:49.260Z,ci38492271,35.9266667,-117.312,6.85,3.15,ml,"19km NNE of Trona, CA"
2019-07-08T22:57:40.960Z,ci38492599,36.0488333,-117.8461667,1.95,3.37,mlr,"9km E of Coso Junction, CA"
2019-07-08T23:23:41.570Z,ci38492831,35.6276667,-117.4293333,4.34,3.31,ml,"16km S of Searles Valley, CA"
2019-07-09T00:00:01.000Z,ci38493191,35.6793333,-117.5111667,5.0,3.22,ml,"14km SW of Searles Valley, CA"
2019-07-09T00:00:07.060Z,ci37265084,36.1328333,-117.8446667,5.14,3.01,ml,"14km NE of Coso Junction, CA"
2019-07-09T00:57:30.690Z,ci38493743,35.8635,-117.693,8.49,3.06,ml,"21km ESE of Little Lake, CA"
2019-07-09T04:02:54.020Z,ci38495767,35.9235,-117.4551667,7.05,3.56,mw,"18km NNW of Searles Valley, CA"
2019-07-09T06:24:10.890Z,ci38497239,35.8951667,-117.6845,3.0,3.06,ml,"20km ESE of Little Lake, CA"
2019-07-09T07:04:16.270Z,ci38497719,35.8988333,-117.6723333,8.39,3.1,ml,"22km E of Little Lake, CA"
2019-07-09T08:17:31.570Z,ci38498615,35.782,-117.6143333,9.21,3.58,mw,"19km NNE of Ridgecrest, CA"
2019-07-09T08:23:46.920Z,ci38498647,36.0245,-117.8681667,1.72,3.21,ml,"8km ESE of Coso Junction, CA"
2019-07-09T09:11:15.400Z,ci38499159,35.6626667,-117.5418333,8.72,3.21,ml,"13km ENE of Ridgecrest, CA"
2019-07-09T09:22:32.000Z,ci38499303,35.88,-117.6865,3.81,3.14,ml,"21km ESE of Little Lake, CA"
2019-07-09T10:21:52.370Z,ci38500135,35.9543333,-117.6768333,2.04,3.54,mw,"21km E of Little Lake, CA"
2019-07-09T10:41:31.880Z,ci38500391,35.6838333,-117.5428333,5.01,3.11,ml,"14km ENE of Ridgecrest, CA"
2019-07-09T12:58:21.680Z,ci38501895,35.675,-117.4841667,2.34,3.47,mw,"13km SW of Searles Valley, CA"
2019-07-09T12:58:31.930Z,ci37265404,35.6796667,-117.487,2.63,3.03,ml,"12km SW of Searles Valley, CA"
2019-07-09T13:28:48.060Z,ci38502215,35.5476667,-117.3818333,3.13,3.42,ml,"24km S of Trona, CA"
2019-07-09T15:40:45.550Z,ci38503631,35.5748333,-117.3633333,3.67,3.49,mw,"21km S of Trona, CA"
2019-07-09T16:47:03.120Z,ci38504415,35.8916667,-117.7076667,7.4,3.33,mlr,"19km ESE of Little Lake, CA"
2019-07-09T17:11:28.660Z,ci38504647,35.7021667,-117.4941667,10.55,3.55,mw,"11km SW of Searles Valley, CA"
2019-07-09T18:37:37.340Z,ci38505679,35.7278333,-117.5421667,10.39,3.43,ml,"13km WSW of Searles Valley, CA"
2019-07-09T19:49:50.550Z,ci38506343,35.9018333,-117.7191667,2.66,3.11,ml,"17km ESE of Little Lake, CA"
2019-07-09T21:52:49.310Z,ci38507623,35.8885,-117.7018333,5.22,3.28,ml,"19km ESE of Little Lake, CA"
2019-07-10T00:48:17.580Z,ci38509663,36.0571667,-117.8471667,1.69,4.07,mw,"9km E of Coso Junction, CA"
2019-07-10T01:43:02.630Z,ci38510319,35.9015,-117.6901667,2.4,3.96,mw,"20km ESE of Little Lake, CA"
2019-07-10T03:42:54.900Z,ci38511719,35.6426667,-117.4493333,10.61,3.61,mlr,"14km SSW of Searles Valley, CA"
2019-07-10T04:14:11.760Z,ci38512103,35.9433333,-117.6818333,3.65,3.06,ml,"20km E of Little Lake, CA"
2019-07-10T07:05:26.260Z,ci38513943,36.0561667,-117.849,1.87,3.69,mw,"9km E of Coso Junction, CA"
2019-07-10T07:22:42.980Z,ci38514151,35.9405,-117.7208333,2.78,3.08,ml,"17km E of Little Lake, CA"
2019-07-10T09:32:08.290Z,ci38515519,35.6626667,-117.4973333,4.42,3.25,ml,"14km SW of Searles Valley, CA"
2019-07-10T10:04:20.840Z,ci38515863,36.0306667,-117.7613333,3.62,3.16,ml,"17km NE of Little Lake, CA"
2019-07-10T10:58:04.970Z,ci38516463,35.865,-117.6865,2.95,3.45,ml,"21km ESE of Little Lake, CA"
2019-07-10T12:00:05.090Z,ci38517119,35.8758333,-117.7076667,5.02,3.81,mw,"19km ESE of Little Lake, CA"
2019-07-10T12:28:56.960Z,ci38517471,36.0495,-117.8566667,1.91,4.18,mw,"8km E of Coso Junction, CA"
2019-07-10T12:49:26.810Z,ci38517703,36.0536667,-117.8496667,2.03,3.05,ml,"9km E of Coso Junction, CA"
2019-07-10T13:02:18.690Z,ci38517847,35.7235,-117.5323333,9.29,3.2,ml,"13km WSW of Searles Valley, CA"
2019-07-10T13:23:09.190Z,ci38518087,35.643,-117.4868333,3.86,3.43,ml,"16km SSW of Searles Valley, CA"
2019-07-10T13:38:57.360Z,ci38518287,35.7668333,-117.5573333,9.9,3.26,ml,"14km W of Searles Valley, CA"
2019-07-10T14:53:06.080Z,ci38519135,36.046,-117.8598333,1.8,3.52,mw,"8km E of Coso Junction, CA"
2019-07-10T15:01:56.140Z,ci38519223,35.8796667,-117.6806667,4.99,3.33,ml,"21km ESE of Little Lake, CA"
2019-07-10T15:02:04.290Z,ci38519231,35.877,-117.6816667,4.86,3.56,mw,"21km ESE of Little Lake, CA"
2019-07-10T15:09:24.600Z,ci38519287,35.6698333,-117.513,8.75,3.21,ml,"15km SW of Searles Valley, CA"
2019-07-10T16:01:38.210Z,ci38519951,35.8265,-117.6516667,3.37,3.49,ml,"23km N of Ridgecrest, CA"
2019-07-10T17:43:21.520Z,ci38521047,35.9846667,-117.7806667,7.46,3.24,ml,"12km ENE of Little Lake, CA"
2019-07-10T18:49:01.420Z,ci38521799,36.1661667,-117.8825,1.12,4.09,mw,"15km NNE of Coso Junction, CA"
2019-07-10T18:51:35.250Z,ci38521815,36.1695,-117.875,2.27,3.7,mw,"15km NNE of Coso Junction, CA"
2019-07-10T18:51:43.830Z,ci37265572,36.0553333,-117.8541667,7.76,3.51,ml,"8km E of Coso Junction, CA"
2019-07-10T19:15:02.530Z,ci38522055,36.1213333,-117.8286667,2.65,3.25,ml,"14km NE of Coso Junction, CA"
2019-07-10T19:15:14.920Z,ci37248948,35.3466667,-117.9205,4.62,3.18,ml,"25km NNE of California City, CA"
2019-07-10T20:09:51.950Z,ci38522647,35.6646667,-117.5248333,9.19,4.17,mw,"14km ENE of Ridgecrest, CA"
2019-07-10T21:40:58.420Z,ci38523567,35.5731667,-117.5211667,10.09,3.09,ml,"15km ESE of Ridgecrest, CA"
2019-07-10T22:15:48.260Z,ci38523943,36.1731667,-117.8835,0.98,3.87,mw,"15km NNE of Coso Junction, CA"
2019-07-10T22:15:53.250Z,ci37265580,36.1713333,-117.8856667,2.05,3.66,mlr,"15km NNE of Coso Junction, CA"
2019-07-10T23:35:43.530Z,ci38524831,35.9561667,-117.281,4.82,3.01,ml,"23km NNE of Trona, CA"
2019-07-10T23:48:43.270Z,ci38524935,35.6181667,-117.4398333,6.8,3.29,ml,"17km S of Searles Valley, CA"
2019-07-10T23:58:59.200Z,ci38525047,35.6723333,-117.4891667,4.36,3.62,mw,"13km SW of Searles Valley, CA"
2019-07-11T00:08:54.490Z,ci38525143,36.175,-117.8811667,1.66,3.05,ml,"16km NNE of Coso Junction, CA"
2019-07-11T00:14:37.320Z,ci38525207,36.1766667,-117.884,0.93,4.52,mw,"16km NNE of Coso Junction, CA"
2019-07-11T00:15:39.220Z,ci38525215,36.1536667,-117.8763333,2.11,4.37,mw,"14km NNE of Coso Junction, CA"
2019-07-11T00:20:19.930Z,ci38525247,36.179,-117.8851667,0.77,3.45,ml,"16km SE of Olancha, CA"
2019-07-11T00:35:44.320Z,ci38525407,35.8851667,-117.7173333,3.58,3.01,ml,"18km ESE of Little Lake, CA"
2019-07-11T00:42:53.270Z,ci38525479,36.1781667,-117.8776667,2.29,3.07,ml,"16km NNE of Coso Junction, CA"
2019-07-11T00:46:09.530Z,ci38525495,36.0456667,-117.7243333,1.37,3.21,ml,"20km E of Coso Junction, CA"
2019-07-11T01:21:50.780Z,ci38525895,36.0331667,-117.8548333,2.2,3.16,ml,"8km E of Coso Junction, CA"
2019-07-11T02:35:22.450Z,ci38526799,35.9411667,-117.721,2.44,3.51,mw,"17km E of Little Lake, CA"
2019-07-11T04:10:01.370Z,ci38527863,36.0563333,-117.8488333,2.07,4.3,mw,"9km E of Coso Junction, CA"
2019-07-11T04:18:49.390Z,ci38527943,36.0595,-117.8483333,2.0,3.45,mw,"9km E of Coso Junction, CA"
2019-07-11T04:45:31.010Z,ci38528167,35.9558333,-117.2788333,4.66,3.57,mw,"23km NNE of Trona, CA"
2019-07-11T05:03:46.140Z,ci38528383,35.9538333,-117.2803333,4.86,3.55,mw,"23km NNE of Trona, CA"
2019-07-11T07:04:05.960Z,ci38529591,36.1793333,-117.883,1.46,4.02,mw,"16km SE of Olancha, CA"
2019-07-11T07:19:49.980Z,ci38529711,36.1795,-117.8843333,1.97,3.53,mw,"16km SE of Olancha, CA"
2019-07-11T07:55:56.460Z,ci38530047,35.6603333,-117.4666667,5.62,3.37,ml,"13km SSW of Searles Valley, CA"
2019-07-11T08:48:02.340Z,ci38530495,35.895,-117.7051667,8.49,3.44,ml,"19km ESE of Little Lake, CA"
2019-07-11T10:26:29.870Z,ci38531487,36.0465,-117.7188333,1.13,3.48,mw,"21km E of Coso Junction, CA"
2019-07-11T10:27:24.390Z,ci38531503,36.0471667,-117.7171667,1.38,3.13,ml,"21km E of Coso Junction, CA"
2019-07-11T10:43:35.390Z,ci38531663,36.0441667,-117.7231667,1.48,3.55,mw,"20km E of Coso Junction, CA"
2019-07-11T10:59:45.820Z,ci38531775,35.9423333,-117.3773333,1.71,3.67,mw,"20km N of Searles Valley, CA"
2019-07-11T11:17:27.630Z,ci38531903,36.1553333,-117.8805,1.38,3.17,ml,"14km NNE of Coso Junction, CA"
2019-07-11T11:36:16.600Z,ci38532079,35.618,-117.4206667,4.76,3.53,mw,"17km SSW of Trona, CA"
2019-07-11T12:20:04.630Z,ci38532479,36.0833333,-117.8783333,1.49,3.0,ml,"8km NE of Coso Junction, CA"
2019-07-11T12:20:42.280Z,ci38532487,35.9403333,-117.3803333,2.16,3.52,mw,"19km N of Searles Valley, CA"
2019-07-11T13:13:13.510Z,ci38532975,35.8163333,-117.6436667,6.3,3.11,ml,"22km N of Ridgecrest, CA"
2019-07-11T15:32:52.260Z,ci38534255,36.1565,-117.8768333,2.29,3.87,mw,"14km NNE of Coso Junction, CA"
2019-07-11T15:51:06.400Z,ci38534415,36.1828333,-117.8813333,1.63,3.31,ml,"16km SE of Olancha, CA"
2019-07-11T16:19:08.760Z,ci38534591,36.1823333,-117.8841667,0.96,3.72,mw,"16km SE of Olancha, CA"
2019-07-11T16:41:08.500Z,ci38534735,35.7033333,-117.5061667,2.48,3.53,mw,"12km SW of Searles Valley, CA"
2019-07-11T17:31:04.060Z,ci38535183,35.9588333,-117.4801667,1.86,3.1,ml,"22km NNW of Searles Valley, CA"
2019-07-11T23:45:18.670Z,ci38538991,35.95,-117.703,4.32,4.14,mw,"18km E of Little Lake, CA"
2019-07-11T23:51:08.980Z,ci38539031,35.5396667,-117.3863333,5.02,3.46,ml,"25km S of Trona, CA"
2019-07-11T23:52:32.220Z,ci38539039,35.9463333,-117.6985,4.8,3.64,mw,"19km E of Little Lake, CA"
2019-07-12T00:08:06.690Z,ci38539215,35.9448333,-117.3726667,2.7,3.21,ml,"20km N of Searles Valley, CA"
2019-07-12T02:18:30.090Z,ci38540647,36.1815,-117.8843333,1.54,3.65,mw,"16km SE of Olancha, CA"
2019-07-12T03:26:23.510Z,ci38541351,35.8681667,-117.7043333,5.62,3.05,ml,"20km ESE of Little Lake, CA"
2019-07-12T03:27:53.690Z,ci38541359,35.9395,-117.3788333,1.9,3.94,mw,"19km N of Searles Valley, CA"
2019-07-12T03:32:17.420Z,ci38541391,35.8881667,-117.724,4.92,3.21,ml,"17km ESE of Little Lake, CA"
2019-07-12T04:11:59.860Z,ci38541743,36.183,-117.8855,1.92,3.24,ml,"15km SE of Olancha, CA"
2019-07-12T07:56:02.970Z,ci38544311,35.5485,-117.3745,4.81,3.03,ml,"24km S of Trona, CA"
2019-07-12T13:11:37.990Z,ci38548295,35.6368333,-117.5861667,9.48,4.9,mw,"8km ENE of Ridgecrest, CA"
2019-07-12T13:12:11.930Z,ci37266364,35.629,-117.597,9.43,3.49,mlr,"7km E of Ridgecrest, CA"
2019-07-12T13:12:22.020Z,ci37266372,35.6391667,-117.5825,9.8,3.22,ml,"9km ENE of Ridgecrest, CA"
2019-07-12T23:23:38.830Z,ci38553255,35.6855,-117.5218333,8.04,3.18,ml,"14km SW of Searles Valley, CA"
2019-07-13T01:16:52.480Z,ci38553919,35.7518333,-117.5673333,8.8,3.28,ml,"15km W of Searles Valley, CA"
2019-07-13T10:25:19.030Z,ci38557895,35.9421667,-117.3736667,3.07,3.83,mw,"20km N of Searles Valley, CA"
2019-07-13T11:45:20.980Z,ci38558295,35.6348333,-117.429,4.72,3.16,ml,"15km S of Searles Valley, CA"
2019-07-13T12:44:25.810Z,ci38558607,35.9275,-117.694,4.54,3.08,ml,"19km E of Little Lake, CA"
2019-07-13T14:34:41.540Z,ci38559263,35.917,-117.6705,3.55,3.17,ml,"21km E of Little Lake, CA"
2019-07-13T14:54:30.430Z,ci38559367,35.6083333,-117.4166667,8.67,3.2,ml,"18km S of Trona, CA"
2019-07-13T19:06:15.510Z,ci38560831,35.6941667,-117.535,9.21,3.34,ml,"14km SW of Searles Valley, CA"
2019-07-13T22:05:12.400Z,ci38561631,35.5243333,-117.38,8.43,3.08,ml,"27km S of Trona, CA"
2019-07-13T22:58:40.480Z,ci38561839,35.6865,-117.5435,5.39,3.49,mlr,"14km ENE of Ridgecrest, CA"
2019-07-13T23:03:35.850Z,ci38561855,35.9363333,-117.6963333,3.53,3.24,ml,"19km E of Little Lake, CA"
2019-07-14T05:26:24.300Z,ci38563839,35.9751667,-117.669,3.03,3.09,ml,"22km ENE of Little Lake, CA"
2019-07-14T06:03:17.280Z,ci38564023,35.9781667,-117.668,3.02,3.4,ml,"22km ENE of Little Lake, CA"
2019-07-14T06:06:39.280Z,ci38564031,35.8865,-117.7203333,4.58,3.36,ml,"18km ESE of Little Lake, CA"
2019-07-14T11:00:08.690Z,ci38565431,36.1951667,-117.8936667,1.39,3.26,ml,"14km SE of Olancha, CA"
2019-07-14T12:27:03.880Z,ci38565791,35.6603333,-117.4903333,2.68,3.1,ml,"14km SSW of Searles Valley, CA"
2019-07-14T12:29:33.710Z,ci38565815,35.3363333,-117.9133333,6.88,3.1,ml,"24km NNE of California City, CA"
2019-07-14T14:00:17.240Z,ci38566311,35.5935,-117.3865,6.59,3.05,ml,"19km S of Trona, CA"
2019-07-14T20:37:06.640Z,ci38568471,35.7641667,-117.579,6.27,3.14,ml,"16km W of Searles Valley, CA"
2019-07-14T20:40:15.740Z,ci38568511,36.1046667,-117.881,0.97,3.36,ml,"9km NE of Coso Junction, CA"
2019-07-14T22:38:05.780Z,ci38569055,35.5941667,-117.3811667,6.13,3.4,ml,"19km S of Trona, CA"
2019-07-15T02:54:39.630Z,ci38570271,35.6643333,-117.5035,9.22,3.64,mw,"15km SW of Searles Valley, CA"
2019-07-15T04:55:56.370Z,ci38570919,35.6176667,-117.6001667,8.81,3.07,ml,"7km E of Ridgecrest, CA"
2019-07-15T06:39:55.780Z,ci38571423,35.371,-117.8421667,4.01,3.33,ml,"19km W of Johannesburg, CA"
2019-07-15T08:38:45.240Z,ci38572055,36.056,-117.8506667,2.26,4.21,mw,"9km E of Coso Junction, CA"
2019-07-15T15:43:36.550Z,ci38574407,35.6701667,-117.4141667,8.43,3.61,mw,"11km S of Searles Valley, CA"
2019-07-15T18:34:49.130Z,ci38575455,35.9056667,-117.692,2.83,3.05,ml,"20km E of Little Lake, CA"
2019-07-15T21:13:55.750Z,ci38576223,35.6723333,-117.5233333,8.2,3.22,ml,"15km ENE of Ridgecrest, CA"
2019-07-15T21:29:53.010Z,ci38576311,35.6785,-117.506,9.21,3.69,mw,"14km SW of Searles Valley, CA"
2019-07-16T00:50:22.040Z,ci38577303,35.9446667,-117.7006667,2.96,3.12,ml,"19km E of Little Lake, CA"
2019-07-16T02:35:52.600Z,ci38577799,35.8683333,-117.7006667,7.74,3.05,ml,"20km ESE of Little Lake, CA"
2019-07-16T02:47:05.040Z,ci38577831,35.6323333,-117.432,4.99,3.8,mw,"15km S of Searles Valley, CA"
2019-07-16T03:32:11.620Z,ci38578055,35.8515,-117.6755,8.09,3.21,ml,"23km ESE of Little Lake, CA"
2019-07-16T04:52:28.230Z,us70004l6w,35.876,-117.6795,4.54,3.0,ml,"18 km ENE of Pearsonville, California"
2019-07-16T05:26:52.660Z,ci38578567,35.7923333,-117.6235,2.96,3.55,ml,"20km NNE of Ridgecrest, CA"
2019-07-16T10:52:32.650Z,ci38580111,35.599,-117.3718333,5.49,3.48,mlr,"18km S of Trona, CA"
2019-07-16T13:16:50.200Z,ci38580911,35.6586667,-117.4731667,4.57,3.2,ml,"14km SSW of Searles Valley, CA"
2019-07-16T14:38:46.050Z,ci38581455,35.9858333,-117.412,1.26,3.46,ml,"24km N of Searles Valley, CA"
2019-07-16T20:15:36.780Z,ci38583335,35.7836667,-117.6143333,3.56,4.47,mw,"19km NNE of Ridgecrest, CA"
2019-07-16T20:15:59.020Z,ci37421757,35.6776667,-117.5155,7.59,3.54,mlr,"14km SW of Searles Valley, CA"
2019-07-16T21:06:21.420Z,ci38583551,35.8778333,-117.6906667,7.45,3.05,ml,"20km ESE of Little Lake, CA"
2019-07-17T00:53:16.160Z,ci38584607,35.621,-117.435,7.6,3.32,ml,"16km S of Searles Valley, CA"
2019-07-17T01:47:24.790Z,ci38584855,35.6238333,-117.4753333,8.25,3.11,ml,"17km SSW of Searles Valley, CA"
2019-07-17T02:29:07.380Z,ci38585023,36.116,-117.884,5.3,4.37,mw,"10km NE of Coso Junction, CA"
2019-07-17T02:29:32.470Z,ci37267164,36.1171667,-117.8918333,6.96,3.3,ml,"10km NNE of Coso Junction, CA"
2019-07-17T02:35:27.430Z,ci38585055,36.1193333,-117.887,4.68,3.07,ml,"10km NNE of Coso Junction, CA"
2019-07-17T02:36:29.910Z,ci38585063,36.1145,-117.8846667,4.82,3.22,ml,"10km NE of Coso Junction, CA"
2019-07-17T03:22:49.530Z,ci38585303,36.118,-117.8848333,4.91,3.1,ml,"10km NE of Coso Junction, CA"
2019-07-17T03:23:27.930Z,ci38585311,36.1186667,-117.89,4.18,3.48,mlr,"10km NNE of Coso Junction, CA"
2019-07-17T05:49:52.200Z,ci38586063,35.8558333,-117.684,4.07,3.11,ml,"22km ESE of Little Lake, CA"
2019-07-17T12:57:33.450Z,ci38588455,35.9235,-117.6816667,2.47,3.03,ml,"20km E of Little Lake, CA"
2019-07-17T14:48:46.940Z,ci38589175,35.6825,-117.4725,5.87,3.08,ml,"11km SSW of Searles Valley, CA"
2019-07-17T15:07:20.920Z,ci38589287,35.8948333,-117.7166667,8.21,3.0,ml,"18km ESE of Little Lake, CA"
2019-07-17T15:11:50.880Z,ci38589319,35.894,-117.72,7.81,3.31,ml,"18km ESE of Little Lake, CA"
2019-07-17T15:12:00.080Z,ci37421821,35.8975,-117.7186667,7.75,3.07,ml,"18km ESE of Little Lake, CA"
2019-07-17T19:42:15.130Z,ci38590903,35.6498333,-117.461,2.69,3.61,mw,"14km SSW of Searles Valley, CA"
2019-07-17T19:54:03.750Z,ci38590983,35.9025,-117.694,2.55,3.36,ml,"20km E of Little Lake, CA"
2019-07-17T21:49:19.150Z,ci38591583,36.1156667,-117.8385,2.39,3.87,mw,"13km NE of Coso Junction, CA"
2019-07-17T22:01:35.670Z,ci38591663,35.6458333,-117.4476667,4.97,3.35,ml,"14km SSW of Searles Valley, CA"
2019-07-17T22:41:15.310Z,ci38591911,35.3718333,-117.8415,2.89,3.24,ml,"19km W of Johannesburg, CA"
2019-07-18T02:33:43.570Z,ci38593087,35.7526667,-117.5775,6.85,3.34,ml,"16km W of Searles Valley, CA"
2019-07-18T03:02:37.860Z,ci38593247,35.6161667,-117.4563333,10.3,3.24,ml,"18km SSW of Searles Valley, CA"
2019-07-18T03:59:14.720Z,ci38593535,36.113,-117.8875,1.56,4.64,mw,"9km NE of Coso Junction, CA"
2019-07-18T04:01:32.260Z,ci38593559,36.1136667,-117.8848333,2.69,3.42,ml,"10km NE of Coso Junction, CA"
2019-07-18T04:02:08.230Z,ci38593567,36.1091667,-117.883,5.14,3.26,ml,"9km NE of Coso Junction, CA"
2019-07-18T05:18:11.560Z,ci38594055,36.114,-117.8818333,5.44,3.36,ml,"10km NE of Coso Junction, CA"
2019-07-18T06:14:29.400Z,ci38594383,36.1148333,-117.8893333,3.93,3.31,ml,"9km NE of Coso Junction, CA"
2019-07-18T08:22:02.610Z,ci38595071,36.1063333,-117.8925,4.1,3.05,ml,"8km NE of Coso Junction, CA"
2019-07-18T21:46:37.630Z,ci38599327,35.7841667,-117.6243333,5.76,3.65,mlr,"19km NNE of Ridgecrest, CA"
2019-07-19T00:01:10.330Z,ci38599935,35.6496667,-117.466,2.25,3.16,ml,"14km SSW of Searles Valley, CA"
2019-07-19T00:19:25.090Z,ci38600023,35.9123333,-117.4373333,1.03,3.12,ml,"16km N of Searles Valley, CA"
2019-07-19T02:52:13.520Z,ci38600815,36.1223333,-117.826,2.49,3.34,ml,"14km NE of Coso Junction, CA"
2019-07-19T09:26:43.880Z,ci38602799,36.0741667,-117.8485,2.18,3.06,ml,"10km ENE of Coso Junction, CA"
2019-07-19T10:47:05.410Z,ci38603223,35.585,-117.3576667,4.56,3.65,mw,"20km S of Trona, CA"
2019-07-19T12:58:58.270Z,ci38603871,35.6236667,-117.5748333,7.94,3.23,ml,"9km E of Ridgecrest, CA"
2019-07-19T13:14:26.650Z,ci38603967,35.8936667,-117.6863333,2.58,3.47,mw,"20km ESE of Little Lake, CA"
2019-07-19T13:52:22.020Z,ci38604199,36.1091667,-117.8418333,2.61,3.43,mw,"12km NE of Coso Junction, CA"
2019-07-19T16:16:58.420Z,ci38605023,35.7151667,-117.4948333,4.62,3.51,mlr,"10km SW of Searles Valley, CA"
2019-07-19T23:33:45.390Z,ci38606951,35.6511667,-117.491,8.82,3.47,ml,"15km SSW of Searles Valley, CA"
2019-07-20T02:38:43.360Z,ci38607695,35.8828333,-117.6843333,5.15,3.67,mw,"21km ESE of Little Lake, CA"
2019-07-20T17:54:18.200Z,ci38612055,35.9501667,-117.7023333,4.15,3.38,ml,"18km E of Little Lake, CA"
2019-07-20T18:49:58.450Z,ci38612295,35.874,-117.7071667,9.17,3.54,mlr,"19km ESE of Little Lake, CA"
2019-07-20T21:12:16.530Z,ci38613055,35.6026667,-117.4066667,7.37,3.08,ml,"18km S of Trona, CA"
2019-07-20T21:44:40.890Z,ci38613175,35.766,-117.5876667,5.66,3.31,ml,"17km W of Searles Valley, CA"
2019-07-21T02:23:33.730Z,ci38614407,35.9141667,-117.7345,4.15,3.36,ml,"16km E of Little Lake, CA"
2019-07-21T02:41:17.320Z,ci38614479,35.6723333,-117.4651667,8.76,3.1,ml,"12km SSW of Searles Valley, CA"
2019-07-21T05:30:38.600Z,ci38615255,35.6445,-117.5031667,4.99,3.35,ml,"16km E of Ridgecrest, CA"
2019-07-21T10:41:37.850Z,ci38616607,35.6071667,-117.4753333,8.43,3.19,ml,"18km E of Ridgecrest, CA"
2019-07-21T11:56:11.490Z,ci38616919,35.6555,-117.5128333,10.19,3.14,ml,"15km ENE of Ridgecrest, CA"
2019-07-21T17:09:22.370Z,ci38618447,35.6973333,-117.542,10.32,3.03,ml,"15km WSW of Searles Valley, CA"
2019-07-22T09:45:10.010Z,ci38622679,35.9575,-117.713,3.88,3.14,ml,"18km E of Little Lake, CA"
2019-07-22T18:31:20.940Z,ci38625223,35.8515,-117.6606667,5.72,3.0,ml,"24km ESE of Little Lake, CA"
2019-07-23T01:36:17.360Z,ci37480781,35.7441667,-117.5568333,5.6,3.28,ml,"14km W of Searles Valley, CA"
2019-07-23T01:36:18.450Z,ci38627095,35.7455,-117.5565,6.07,3.88,mw,"14km W of Searles Valley, CA"
2019-07-23T07:45:02.530Z,ci38628799,35.625,-117.4266667,5.51,4.15,mw,"16km S of Searles Valley, CA"
2019-07-23T23:45:48.160Z,ci38632759,35.8893333,-117.7126667,9.09,3.65,mw,"18km ESE of Little Lake, CA"
2019-07-24T14:35:18.550Z,ci38636511,35.607,-117.6045,3.1,3.75,mw,"7km ESE of Ridgecrest, CA"
2019-07-24T22:24:18.220Z,ci38638455,36.1948333,-117.8876667,1.19,3.47,ml,"14km SE of Olancha, CA"
2019-07-25T06:03:59.070Z,ci38640343,35.9635,-117.6888333,4.52,3.23,ml,"20km E of Little Lake, CA"
2019-07-26T00:42:47.770Z,ci38644943,35.9258333,-117.7066667,3.79,4.74,mw,"18km E of Little Lake, CA"
2019-07-26T00:45:34.040Z,ci38644983,35.9351667,-117.6955,2.81,3.52,ml,"19km E of Little Lake, CA"
2019-07-26T00:57:40.120Z,ci38645087,35.9198333,-117.7085,2.07,3.23,ml,"18km E of Little Lake, CA"
2019-07-26T01:42:09.170Z,ci38645471,35.6455,-117.4526667,9.98,3.06,ml,"14km SSW of Searles Valley, CA"
2019-07-26T05:03:59.060Z,ci38646639,35.9208333,-117.7056667,2.0,3.18,ml,"18km E of Little Lake, CA"
2019-07-26T08:28:55.960Z,ci38647543,35.9348333,-117.6995,2.45,3.21,ml,"19km E of Little Lake, CA"
2019-07-27T01:35:37.530Z,ci38652167,35.5338333,-117.3666667,9.07,3.56,ml,"26km S of Trona, CA"
2019-07-27T10:30:54.410Z,ci38653975,35.637,-117.474,1.9,3.91,mw,"16km SSW of Searles Valley, CA"
2019-07-27T21:41:40.710Z,ci38656719,36.2131667,-118.0788333,2.67,3.27,ml,"10km SW of Olancha, CA"
2019-07-28T15:02:20.270Z,ci38661399,35.9956667,-117.408,-0.21,3.47,ml,"25km N of Searles Valley, CA"
2019-07-29T23:09:33.420Z,ci38668479,35.8425,-117.735,4.84,3.32,ml,"19km SE of Little Lake, CA"
2019-07-29T23:19:14.160Z,ci38668511,35.8228333,-117.6346667,5.84,3.53,ml,"22km WNW of Searles Valley, CA"
2019-07-30T03:10:46.880Z,ci38669279,35.9265,-117.6925,4.19,3.15,ml,"19km E of Little Lake, CA"
2019-07-30T16:30:56.350Z,ci38672303,35.6666667,-117.5063333,10.24,3.5,mlr,"14km SW of Searles Valley, CA"
2019-07-31T22:59:46.960Z,ci38677967,36.3178333,-118.3455,-1.46,3.1,ml,"31km W of Olancha, CA"
